date,gas_price_eur_mwh_th,co2_price_eur_t
2015-01-01,22.5,7.3
2015-01-02,22.48,7.3
2015-01-03,22.48,7.3
2015-01-04,22.48,7.3
2015-01-05,22.46,7.3
2015-01-06,22.44,7.3
2015-01-07,22.42,7.3
2015-01-08,22.41,7.3
2015-01-09,22.39,7.3
2015-01-10,22.39,7.3
2015-01-11,22.39,7.3
2015-01-12,22.37,7.29
2015-01-13,22.35,7.29
2015-01-14,22.33,7.29
2015-01-15,22.31,7.29
2015-01-16,22.29,7.29
2015-01-17,22.29,7.29
2015-01-18,22.29,7.29
2015-01-19,22.28,7.29
2015-01-20,22.26,7.29
2015-01-21,22.24,7.29
2015-01-22,22.22,7.29
2015-01-23,22.2,7.29
2015-01-24,22.2,7.29
2015-01-25,22.2,7.29
2015-01-26,22.18,7.29
2015-01-27,22.16,7.29
2015-01-28,22.14,7.29
2015-01-29,22.12,7.28
2015-01-30,22.11,7.28
2015-01-31,22.11,7.28
2015-02-01,22.11,7.28
2015-02-02,22.09,7.28
2015-02-03,22.07,7.28
2015-02-04,22.05,7.28
2015-02-05,22.03,7.28
2015-02-06,22.01,7.28
2015-02-07,22.01,7.28
2015-02-08,22.01,7.28
2015-02-09,21.99,7.28
2015-02-10,21.98,7.28
2015-02-11,21.96,7.28
2015-02-12,21.94,7.28
2015-02-13,21.92,7.28
2015-02-14,21.92,7.28
2015-02-15,21.92,7.28
2015-02-16,21.9,7.28
2015-02-17,21.88,7.27
2015-02-18,21.86,7.27
2015-02-19,21.84,7.27
2015-02-20,21.82,7.27
2015-02-21,21.82,7.27
2015-02-22,21.82,7.27
2015-02-23,21.81,7.27
2015-02-24,21.79,7.27
2015-02-25,21.77,7.27
2015-02-26,21.75,7.27
2015-02-27,21.73,7.27
2015-02-28,21.73,7.27
2015-03-01,21.73,7.27
2015-03-02,21.71,7.27
2015-03-03,21.69,7.27
2015-03-04,21.68,7.27
2015-03-05,21.66,7.26
2015-03-06,21.64,7.26
2015-03-07,21.64,7.26
2015-03-08,21.64,7.26
2015-03-09,21.62,7.26
2015-03-10,21.6,7.26
2015-03-11,21.58,7.26
2015-03-12,21.56,7.26
2015-03-13,21.54,7.26
2015-03-14,21.54,7.26
2015-03-15,21.54,7.26
2015-03-16,21.52,7.26
2015-03-17,21.51,7.26
2015-03-18,21.49,7.26
2015-03-19,21.47,7.26
2015-03-20,21.45,7.26
2015-03-21,21.45,7.26
2015-03-22,21.45,7.26
2015-03-23,21.43,7.26
2015-03-24,21.41,7.25
2015-03-25,21.39,7.25
2015-03-26,21.38,7.25
2015-03-27,21.36,7.25
2015-03-28,21.36,7.25
2015-03-29,21.36,7.25
2015-03-30,21.34,7.25
2015-03-31,21.32,7.25
2015-04-01,21.3,7.25
2015-04-02,21.29,7.26
2015-04-03,21.27,7.27
2015-04-04,21.27,7.27
2015-04-05,21.27,7.27
2015-04-06,21.26,7.28
2015-04-07,21.25,7.3
2015-04-08,21.23,7.31
2015-04-09,21.22,7.32
2015-04-10,21.2,7.33
2015-04-11,21.2,7.33
2015-04-12,21.2,7.33
2015-04-13,21.19,7.34
2015-04-14,21.18,7.35
2015-04-15,21.16,7.36
2015-04-16,21.15,7.38
2015-04-17,21.14,7.39
2015-04-18,21.14,7.39
2015-04-19,21.14,7.39
2015-04-20,21.12,7.4
2015-04-21,21.11,7.41
2015-04-22,21.1,7.42
2015-04-23,21.08,7.43
2015-04-24,21.07,7.44
2015-04-25,21.07,7.44
2015-04-26,21.07,7.44
2015-04-27,21.05,7.45
2015-04-28,21.04,7.47
2015-04-29,21.03,7.48
2015-04-30,21.01,7.49
2015-05-01,21.0,7.5
2015-05-02,21.0,7.5
2015-05-03,21.0,7.5
2015-05-04,20.98,7.5
2015-05-05,20.95,7.49
2015-05-06,20.93,7.49
2015-05-07,20.9,7.48
2015-05-08,20.88,7.48
2015-05-09,20.88,7.48
2015-05-10,20.88,7.48
2015-05-11,20.86,7.47
2015-05-12,20.83,7.47
2015-05-13,20.81,7.46
2015-05-14,20.79,7.46
2015-05-15,20.76,7.45
2015-05-16,20.76,7.45
2015-05-17,20.76,7.45
2015-05-18,20.74,7.45
2015-05-19,20.71,7.44
2015-05-20,20.69,7.44
2015-05-21,20.67,7.43
2015-05-22,20.64,7.43
2015-05-23,20.64,7.43
2015-05-24,20.64,7.43
2015-05-25,20.62,7.42
2015-05-26,20.6,7.42
2015-05-27,20.57,7.41
2015-05-28,20.55,7.41
2015-05-29,20.52,7.4
2015-05-30,20.52,7.4
2015-05-31,20.52,7.4
2015-06-01,20.5,7.4
2015-06-02,20.51,7.42
2015-06-03,20.53,7.44
2015-06-04,20.54,7.45
2015-06-05,20.55,7.47
2015-06-06,20.55,7.47
2015-06-07,20.55,7.47
2015-06-08,20.57,7.49
2015-06-09,20.58,7.51
2015-06-10,20.6,7.53
2015-06-11,20.61,7.55
2015-06-12,20.62,7.56
2015-06-13,20.62,7.56
2015-06-14,20.62,7.56
2015-06-15,20.64,7.58
2015-06-16,20.65,7.6
2015-06-17,20.66,7.62
2015-06-18,20.68,7.64
2015-06-19,20.69,7.65
2015-06-20,20.69,7.65
2015-06-21,20.69,7.65
2015-06-22,20.7,7.67
2015-06-23,20.72,7.69
2015-06-24,20.73,7.71
2015-06-25,20.75,7.73
2015-06-26,20.76,7.75
2015-06-27,20.76,7.75
2015-06-28,20.76,7.75
2015-06-29,20.77,7.76
2015-06-30,20.79,7.78
2015-07-01,20.8,7.8
2015-07-02,20.77,7.81
2015-07-03,20.74,7.81
2015-07-04,20.74,7.81
2015-07-05,20.74,7.81
2015-07-06,20.71,7.82
2015-07-07,20.68,7.83
2015-07-08,20.65,7.83
2015-07-09,20.62,7.84
2015-07-10,20.59,7.85
2015-07-11,20.59,7.85
2015-07-12,20.59,7.85
2015-07-13,20.56,7.85
2015-07-14,20.53,7.86
2015-07-15,20.5,7.87
2015-07-16,20.48,7.88
2015-07-17,20.45,7.88
2015-07-18,20.45,7.88
2015-07-19,20.45,7.88
2015-07-20,20.42,7.89
2015-07-21,20.39,7.9
2015-07-22,20.36,7.9
2015-07-23,20.33,7.91
2015-07-24,20.3,7.92
2015-07-25,20.3,7.92
2015-07-26,20.3,7.92
2015-07-27,20.27,7.92
2015-07-28,20.24,7.93
2015-07-29,20.21,7.94
2015-07-30,20.18,7.94
2015-07-31,20.15,7.95
2015-08-01,20.15,7.95
2015-08-02,20.15,7.95
2015-08-03,20.12,7.96
2015-08-04,20.09,7.96
2015-08-05,20.06,7.97
2015-08-06,20.03,7.98
2015-08-07,20.0,7.98
2015-08-08,20.0,7.98
2015-08-09,20.0,7.98
2015-08-10,19.97,7.99
2015-08-11,19.94,8.0
2015-08-12,19.91,8.0
2015-08-13,19.88,8.01
2015-08-14,19.85,8.02
2015-08-15,19.85,8.02
2015-08-16,19.85,8.02
2015-08-17,19.82,8.02
2015-08-18,19.8,8.03
2015-08-19,19.77,8.04
2015-08-20,19.74,8.05
2015-08-21,19.71,8.05
2015-08-22,19.71,8.05
2015-08-23,19.71,8.05
2015-08-24,19.68,8.06
2015-08-25,19.65,8.07
2015-08-26,19.62,8.07
2015-08-27,19.59,8.08
2015-08-28,19.56,8.09
2015-08-29,19.56,8.09
2015-08-30,19.56,8.09
2015-08-31,19.53,8.09
2015-09-01,19.5,8.1
2015-09-02,19.51,8.11
2015-09-03,19.53,8.12
2015-09-04,19.54,8.13
2015-09-05,19.54,8.13
2015-09-06,19.54,8.13
2015-09-07,19.55,8.14
2015-09-08,19.57,8.15
2015-09-09,19.58,8.15
2015-09-10,19.6,8.16
2015-09-11,19.61,8.17
2015-09-12,19.61,8.17
2015-09-13,19.61,8.17
2015-09-14,19.62,8.18
2015-09-15,19.64,8.19
2015-09-16,19.65,8.2
2015-09-17,19.66,8.21
2015-09-18,19.68,8.22
2015-09-19,19.68,8.22
2015-09-20,19.68,8.22
2015-09-21,19.69,8.23
2015-09-22,19.7,8.24
2015-09-23,19.72,8.25
2015-09-24,19.73,8.25
2015-09-25,19.75,8.26
2015-09-26,19.75,8.26
2015-09-27,19.75,8.26
2015-09-28,19.76,8.27
2015-09-29,19.77,8.28
2015-09-30,19.79,8.29
2015-10-01,19.8,8.3
2015-10-02,19.72,8.3
2015-10-03,19.72,8.3
2015-10-04,19.72,8.3
2015-10-05,19.65,8.3
2015-10-06,19.57,8.29
2015-10-07,19.49,8.29
2015-10-08,19.42,8.29
2015-10-09,19.34,8.29
2015-10-10,19.34,8.29
2015-10-11,19.34,8.29
2015-10-12,19.26,8.28
2015-10-13,19.19,8.28
2015-10-14,19.11,8.28
2015-10-15,19.03,8.28
2015-10-16,18.96,8.27
2015-10-17,18.96,8.27
2015-10-18,18.96,8.27
2015-10-19,18.88,8.27
2015-10-20,18.8,8.27
2015-10-21,18.73,8.27
2015-10-22,18.65,8.27
2015-10-23,18.57,8.26
2015-10-24,18.57,8.26
2015-10-25,18.57,8.26
2015-10-26,18.5,8.26
2015-10-27,18.42,8.26
2015-10-28,18.34,8.26
2015-10-29,18.27,8.25
2015-10-30,18.19,8.25
2015-10-31,18.19,8.25
2015-11-01,18.19,8.25
2015-11-02,18.11,8.25
2015-11-03,18.03,8.25
2015-11-04,17.96,8.24
2015-11-05,17.88,8.24
2015-11-06,17.8,8.24
2015-11-07,17.8,8.24
2015-11-08,17.8,8.24
2015-11-09,17.73,8.24
2015-11-10,17.65,8.23
2015-11-11,17.57,8.23
2015-11-12,17.5,8.23
2015-11-13,17.42,8.23
2015-11-14,17.42,8.23
2015-11-15,17.42,8.23
2015-11-16,17.34,8.23
2015-11-17,17.27,8.22
2015-11-18,17.19,8.22
2015-11-19,17.11,8.22
2015-11-20,17.04,8.22
2015-11-21,17.04,8.22
2015-11-22,17.04,8.22
2015-11-23,16.96,8.21
2015-11-24,16.88,8.21
2015-11-25,16.81,8.21
2015-11-26,16.73,8.21
2015-11-27,16.65,8.2
2015-11-28,16.65,8.2
2015-11-29,16.65,8.2
2015-11-30,16.58,8.2
2015-12-01,16.5,8.2
2015-12-02,16.41,8.18
2015-12-03,16.33,8.17
2015-12-04,16.24,8.15
2015-12-05,16.24,8.15
2015-12-06,16.24,8.15
2015-12-07,16.15,8.13
2015-12-08,16.07,8.11
2015-12-09,15.98,8.1
2015-12-10,15.89,8.08
2015-12-11,15.8,8.06
2015-12-12,15.8,8.06
2015-12-13,15.8,8.06
2015-12-14,15.72,8.04
2015-12-15,15.63,8.03
2015-12-16,15.54,8.01
2015-12-17,15.46,7.99
2015-12-18,15.37,7.97
2015-12-19,15.37,7.97
2015-12-20,15.37,7.97
2015-12-21,15.28,7.96
2015-12-22,15.2,7.94
2015-12-23,15.11,7.92
2015-12-24,15.02,7.9
2015-12-25,14.93,7.89
2015-12-26,14.93,7.89
2015-12-27,14.93,7.89
2015-12-28,14.85,7.87
2015-12-29,14.76,7.85
2015-12-30,14.67,7.83
2015-12-31,14.59,7.82
2016-01-01,14.5,7.8
2016-01-02,14.5,7.8
2016-01-03,14.5,7.8
2016-01-04,14.4,7.74
2016-01-05,14.31,7.68
2016-01-06,14.21,7.61
2016-01-07,14.12,7.55
2016-01-08,14.02,7.49
2016-01-09,14.02,7.49
2016-01-10,14.02,7.49
2016-01-11,13.93,7.43
2016-01-12,13.83,7.37
2016-01-13,13.74,7.3
2016-01-14,13.64,7.24
2016-01-15,13.55,7.18
2016-01-16,13.55,7.18
2016-01-17,13.55,7.18
2016-01-18,13.45,7.12
2016-01-19,13.36,7.06
2016-01-20,13.26,7.0
2016-01-21,13.17,6.93
2016-01-22,13.07,6.87
2016-01-23,13.07,6.87
2016-01-24,13.07,6.87
2016-01-25,12.98,6.81
2016-01-26,12.88,6.75
2016-01-27,12.79,6.69
2016-01-28,12.69,6.62
2016-01-29,12.6,6.56
2016-01-30,12.6,6.56
2016-01-31,12.6,6.56
2016-02-01,12.5,6.5
2016-02-02,12.48,6.44
2016-02-03,12.45,6.38
2016-02-04,12.43,6.31
2016-02-05,12.4,6.25
2016-02-06,12.4,6.25
2016-02-07,12.4,6.25
2016-02-08,12.38,6.19
2016-02-09,12.36,6.13
2016-02-10,12.33,6.07
2016-02-11,12.31,6.0
2016-02-12,12.29,5.94
2016-02-13,12.29,5.94
2016-02-14,12.29,5.94
2016-02-15,12.26,5.88
2016-02-16,12.24,5.82
2016-02-17,12.21,5.76
2016-02-18,12.19,5.7
2016-02-19,12.17,5.63
2016-02-20,12.17,5.63
2016-02-21,12.17,5.63
2016-02-22,12.14,5.57
2016-02-23,12.12,5.51
2016-02-24,12.1,5.45
2016-02-25,12.07,5.39
2016-02-26,12.05,5.32
2016-02-27,12.05,5.32
2016-02-28,12.05,5.32
2016-02-29,12.02,5.26
2016-03-01,12.0,5.2
2016-03-02,12.01,5.23
2016-03-03,12.03,5.25
2016-03-04,12.04,5.28
2016-03-05,12.04,5.28
2016-03-06,12.04,5.28
2016-03-07,12.05,5.3
2016-03-08,12.07,5.33
2016-03-09,12.08,5.36
2016-03-10,12.09,5.38
2016-03-11,12.1,5.41
2016-03-12,12.1,5.41
2016-03-13,12.1,5.41
2016-03-14,12.12,5.43
2016-03-15,12.13,5.46
2016-03-16,12.14,5.49
2016-03-17,12.16,5.51
2016-03-18,12.17,5.54
2016-03-19,12.17,5.54
2016-03-20,12.17,5.54
2016-03-21,12.18,5.57
2016-03-22,12.2,5.59
2016-03-23,12.21,5.62
2016-03-24,12.22,5.64
2016-03-25,12.23,5.67
2016-03-26,12.23,5.67
2016-03-27,12.23,5.67
2016-03-28,12.25,5.7
2016-03-29,12.26,5.72
2016-03-30,12.27,5.75
2016-03-31,12.29,5.77
2016-04-01,12.3,5.8
2016-04-02,12.3,5.8
2016-04-03,12.3,5.8
2016-04-04,12.33,5.79
2016-04-05,12.36,5.79
2016-04-06,12.38,5.78
2016-04-07,12.41,5.77
2016-04-08,12.44,5.77
2016-04-09,12.44,5.77
2016-04-10,12.44,5.77
2016-04-11,12.47,5.76
2016-04-12,12.5,5.75
2016-04-13,12.52,5.74
2016-04-14,12.55,5.74
2016-04-15,12.58,5.73
2016-04-16,12.58,5.73
2016-04-17,12.58,5.73
2016-04-18,12.61,5.72
2016-04-19,12.63,5.72
2016-04-20,12.66,5.71
2016-04-21,12.69,5.7
2016-04-22,12.72,5.7
2016-04-23,12.72,5.7
2016-04-24,12.72,5.7
2016-04-25,12.75,5.69
2016-04-26,12.77,5.68
2016-04-27,12.8,5.67
2016-04-28,12.83,5.67
2016-04-29,12.86,5.66
2016-04-30,12.86,5.66
2016-05-01,12.86,5.66
2016-05-02,12.89,5.65
2016-05-03,12.91,5.65
2016-05-04,12.94,5.64
2016-05-05,12.97,5.63
2016-05-06,13.0,5.63
2016-05-07,13.0,5.63
2016-05-08,13.0,5.63
2016-05-09,13.03,5.62
2016-05-10,13.05,5.61
2016-05-11,13.08,5.6
2016-05-12,13.11,5.6
2016-05-13,13.14,5.59
2016-05-14,13.14,5.59
2016-05-15,13.14,5.59
2016-05-16,13.17,5.58
2016-05-17,13.19,5.58
2016-05-18,13.22,5.57
2016-05-19,13.25,5.56
2016-05-20,13.28,5.56
2016-05-21,13.28,5.56
2016-05-22,13.28,5.56
2016-05-23,13.3,5.55
2016-05-24,13.33,5.54
2016-05-25,13.36,5.53
2016-05-26,13.39,5.53
2016-05-27,13.42,5.52
2016-05-28,13.42,5.52
2016-05-29,13.42,5.52
2016-05-30,13.44,5.51
2016-05-31,13.47,5.51
2016-06-01,13.5,5.5
2016-06-02,13.48,5.45
2016-06-03,13.45,5.41
2016-06-04,13.45,5.41
2016-06-05,13.45,5.41
2016-06-06,13.43,5.36
2016-06-07,13.41,5.32
2016-06-08,13.39,5.27
2016-06-09,13.36,5.23
2016-06-10,13.34,5.18
2016-06-11,13.34,5.18
2016-06-12,13.34,5.18
2016-06-13,13.32,5.14
2016-06-14,13.3,5.09
2016-06-15,13.27,5.05
2016-06-16,13.25,5.0
2016-06-17,13.23,4.95
2016-06-18,13.23,4.95
2016-06-19,13.23,4.95
2016-06-20,13.2,4.91
2016-06-21,13.18,4.86
2016-06-22,13.16,4.82
2016-06-23,13.14,4.77
2016-06-24,13.11,4.73
2016-06-25,13.11,4.73
2016-06-26,13.11,4.73
2016-06-27,13.09,4.68
2016-06-28,13.07,4.64
2016-06-29,13.05,4.59
2016-06-30,13.02,4.55
2016-07-01,13.0,4.5
2016-07-02,13.0,4.5
2016-07-03,13.0,4.5
2016-07-04,13.06,4.49
2016-07-05,13.11,4.48
2016-07-06,13.17,4.47
2016-07-07,13.23,4.46
2016-07-08,13.29,4.45
2016-07-09,13.29,4.45
2016-07-10,13.29,4.45
2016-07-11,13.34,4.44
2016-07-12,13.4,4.43
2016-07-13,13.46,4.42
2016-07-14,13.51,4.41
2016-07-15,13.57,4.4
2016-07-16,13.57,4.4
2016-07-17,13.57,4.4
2016-07-18,13.63,4.4
2016-07-19,13.69,4.39
2016-07-20,13.74,4.38
2016-07-21,13.8,4.37
2016-07-22,13.86,4.36
2016-07-23,13.86,4.36
2016-07-24,13.86,4.36
2016-07-25,13.91,4.35
2016-07-26,13.97,4.34
2016-07-27,14.03,4.33
2016-07-28,14.09,4.32
2016-07-29,14.14,4.31
2016-07-30,14.14,4.31
2016-07-31,14.14,4.31
2016-08-01,14.2,4.3
2016-08-02,14.26,4.31
2016-08-03,14.31,4.32
2016-08-04,14.37,4.33
2016-08-05,14.43,4.33
2016-08-06,14.43,4.33
2016-08-07,14.43,4.33
2016-08-08,14.48,4.34
2016-08-09,14.54,4.35
2016-08-10,14.6,4.36
2016-08-11,14.65,4.37
2016-08-12,14.71,4.38
2016-08-13,14.71,4.38
2016-08-14,14.71,4.38
2016-08-15,14.77,4.39
2016-08-16,14.82,4.4
2016-08-17,14.88,4.4
2016-08-18,14.93,4.41
2016-08-19,14.99,4.42
2016-08-20,14.99,4.42
2016-08-21,14.99,4.42
2016-08-22,15.05,4.43
2016-08-23,15.1,4.44
2016-08-24,15.16,4.45
2016-08-25,15.22,4.46
2016-08-26,15.27,4.47
2016-08-27,15.27,4.47
2016-08-28,15.27,4.47
2016-08-29,15.33,4.47
2016-08-30,15.39,4.48
2016-08-31,15.44,4.49
2016-09-01,15.5,4.5
2016-09-02,15.56,4.52
2016-09-03,15.56,4.52
2016-09-04,15.56,4.52
2016-09-05,15.63,4.55
2016-09-06,15.69,4.57
2016-09-07,15.75,4.59
2016-09-08,15.81,4.62
2016-09-09,15.88,4.64
2016-09-10,15.88,4.64
2016-09-11,15.88,4.64
2016-09-12,15.94,4.66
2016-09-13,16.0,4.69
2016-09-14,16.07,4.71
2016-09-15,16.13,4.73
2016-09-16,16.19,4.76
2016-09-17,16.19,4.76
2016-09-18,16.19,4.76
2016-09-19,16.25,4.78
2016-09-20,16.32,4.8
2016-09-21,16.38,4.83
2016-09-22,16.44,4.85
2016-09-23,16.5,4.87
2016-09-24,16.5,4.87
2016-09-25,16.5,4.87
2016-09-26,16.57,4.9
2016-09-27,16.63,4.92
2016-09-28,16.69,4.94
2016-09-29,16.76,4.97
2016-09-30,16.82,4.99
2016-10-01,16.82,4.99
2016-10-02,16.82,4.99
2016-10-03,16.88,5.01
2016-10-04,16.94,5.03
2016-10-05,17.01,5.06
2016-10-06,17.07,5.08
2016-10-07,17.13,5.1
2016-10-08,17.13,5.1
2016-10-09,17.13,5.1
2016-10-10,17.2,5.13
2016-10-11,17.26,5.15
2016-10-12,17.32,5.17
2016-10-13,17.38,5.2
2016-10-14,17.45,5.22
2016-10-15,17.45,5.22
2016-10-16,17.45,5.22
2016-10-17,17.51,5.24
2016-10-18,17.57,5.27
2016-10-19,17.63,5.29
2016-10-20,17.7,5.31
2016-10-21,17.76,5.34
2016-10-22,17.76,5.34
2016-10-23,17.76,5.34
2016-10-24,17.82,5.36
2016-10-25,17.89,5.38
2016-10-26,17.95,5.41
2016-10-27,18.01,5.43
2016-10-28,18.07,5.45
2016-10-29,18.07,5.45
2016-10-30,18.07,5.45
2016-10-31,18.14,5.48
2016-11-01,18.2,5.5
2016-11-02,18.21,5.53
2016-11-03,18.23,5.56
2016-11-04,18.24,5.6
2016-11-05,18.24,5.6
2016-11-06,18.24,5.6
2016-11-07,18.25,5.63
2016-11-08,18.27,5.66
2016-11-09,18.28,5.69
2016-11-10,18.3,5.72
2016-11-11,18.31,5.75
2016-11-12,18.31,5.75
2016-11-13,18.31,5.75
2016-11-14,18.32,5.79
2016-11-15,18.34,5.82
2016-11-16,18.35,5.85
2016-11-17,18.36,5.88
2016-11-18,18.38,5.91
2016-11-19,18.38,5.91
2016-11-20,18.38,5.91
2016-11-21,18.39,5.95
2016-11-22,18.4,5.98
2016-11-23,18.42,6.01
2016-11-24,18.43,6.04
2016-11-25,18.45,6.07
2016-11-26,18.45,6.07
2016-11-27,18.45,6.07
2016-11-28,18.46,6.1
2016-11-29,18.47,6.14
2016-11-30,18.49,6.17
2016-12-01,18.5,6.2
2016-12-02,18.51,6.18
2016-12-03,18.51,6.18
2016-12-04,18.51,6.18
2016-12-05,18.51,6.16
2016-12-06,18.52,6.14
2016-12-07,18.53,6.12
2016-12-08,18.53,6.1
2016-12-09,18.54,6.08
2016-12-10,18.54,6.08
2016-12-11,18.54,6.08
2016-12-12,18.55,6.06
2016-12-13,18.55,6.04
2016-12-14,18.56,6.02
2016-12-15,18.57,6.0
2016-12-16,18.58,5.98
2016-12-17,18.58,5.98
2016-12-18,18.58,5.98
2016-12-19,18.58,5.95
2016-12-20,18.59,5.93
2016-12-21,18.6,5.91
2016-12-22,18.6,5.89
2016-12-23,18.61,5.87
2016-12-24,18.61,5.87
2016-12-25,18.61,5.87
2016-12-26,18.62,5.85
2016-12-27,18.62,5.83
2016-12-28,18.63,5.81
2016-12-29,18.64,5.79
2016-12-30,18.64,5.77
2016-12-31,18.64,5.77
2017-01-01,18.64,5.77
2017-01-02,18.65,5.75
2017-01-03,18.66,5.73
2017-01-04,18.66,5.71
2017-01-05,18.67,5.69
2017-01-06,18.68,5.67
2017-01-07,18.68,5.67
2017-01-08,18.68,5.67
2017-01-09,18.68,5.65
2017-01-10,18.69,5.63
2017-01-11,18.7,5.61
2017-01-12,18.7,5.59
2017-01-13,18.71,5.57
2017-01-14,18.71,5.57
2017-01-15,18.71,5.57
2017-01-16,18.72,5.55
2017-01-17,18.73,5.52
2017-01-18,18.73,5.5
2017-01-19,18.74,5.48
2017-01-20,18.75,5.46
2017-01-21,18.75,5.46
2017-01-22,18.75,5.46
2017-01-23,18.75,5.44
2017-01-24,18.76,5.42
2017-01-25,18.77,5.4
2017-01-26,18.77,5.38
2017-01-27,18.78,5.36
2017-01-28,18.78,5.36
2017-01-29,18.78,5.36
2017-01-30,18.79,5.34
2017-01-31,18.79,5.32
2017-02-01,18.8,5.3
2017-02-02,18.74,5.29
2017-02-03,18.67,5.28
2017-02-04,18.67,5.28
2017-02-05,18.67,5.28
2017-02-06,18.6,5.27
2017-02-07,18.54,5.26
2017-02-08,18.48,5.25
2017-02-09,18.41,5.24
2017-02-10,18.34,5.23
2017-02-11,18.34,5.23
2017-02-12,18.34,5.23
2017-02-13,18.28,5.22
2017-02-14,18.22,5.21
2017-02-15,18.15,5.2
2017-02-16,18.08,5.19
2017-02-17,18.02,5.18
2017-02-18,18.02,5.18
2017-02-19,18.02,5.18
2017-02-20,17.96,5.17
2017-02-21,17.89,5.16
2017-02-22,17.82,5.15
2017-02-23,17.76,5.14
2017-02-24,17.7,5.13
2017-02-25,17.7,5.13
2017-02-26,17.7,5.13
2017-02-27,17.63,5.12
2017-02-28,17.57,5.11
2017-03-01,17.5,5.1
2017-03-02,17.46,5.09
2017-03-03,17.42,5.07
2017-03-04,17.42,5.07
2017-03-05,17.42,5.07
2017-03-06,17.38,5.06
2017-03-07,17.34,5.04
2017-03-08,17.3,5.03
2017-03-09,17.26,5.02
2017-03-10,17.22,5.0
2017-03-11,17.22,5.0
2017-03-12,17.22,5.0
2017-03-13,17.18,4.99
2017-03-14,17.14,4.97
2017-03-15,17.1,4.96
2017-03-16,17.07,4.95
2017-03-17,17.03,4.93
2017-03-18,17.03,4.93
2017-03-19,17.03,4.93
2017-03-20,16.99,4.92
2017-03-21,16.95,4.9
2017-03-22,16.91,4.89
2017-03-23,16.87,4.88
2017-03-24,16.83,4.86
2017-03-25,16.83,4.86
2017-03-26,16.83,4.86
2017-03-27,16.79,4.85
2017-03-28,16.75,4.83
2017-03-29,16.71,4.82
2017-03-30,16.67,4.81
2017-03-31,16.63,4.79
2017-04-01,16.63,4.79
2017-04-02,16.63,4.79
2017-04-03,16.59,4.78
2017-04-04,16.55,4.77
2017-04-05,16.51,4.75
2017-04-06,16.47,4.74
2017-04-07,16.43,4.72
2017-04-08,16.43,4.72
2017-04-09,16.43,4.72
2017-04-10,16.39,4.71
2017-04-11,16.35,4.7
2017-04-12,16.31,4.68
2017-04-13,16.27,4.67
2017-04-14,16.23,4.65
2017-04-15,16.23,4.65
2017-04-16,16.23,4.65
2017-04-17,16.2,4.64
2017-04-18,16.16,4.63
2017-04-19,16.12,4.61
2017-04-20,16.08,4.6
2017-04-21,16.04,4.58
2017-04-22,16.04,4.58
2017-04-23,16.04,4.58
2017-04-24,16.0,4.57
2017-04-25,15.96,4.56
2017-04-26,15.92,4.54
2017-04-27,15.88,4.53
2017-04-28,15.84,4.51
2017-04-29,15.84,4.51
2017-04-30,15.84,4.51
2017-05-01,15.8,4.5
2017-05-02,15.77,4.51
2017-05-03,15.75,4.53
2017-05-04,15.72,4.54
2017-05-05,15.7,4.55
2017-05-06,15.7,4.55
2017-05-07,15.7,4.55
2017-05-08,15.67,4.57
2017-05-09,15.64,4.58
2017-05-10,15.62,4.59
2017-05-11,15.59,4.6
2017-05-12,15.57,4.62
2017-05-13,15.57,4.62
2017-05-14,15.57,4.62
2017-05-15,15.54,4.63
2017-05-16,15.51,4.64
2017-05-17,15.49,4.66
2017-05-18,15.46,4.67
2017-05-19,15.43,4.68
2017-05-20,15.43,4.68
2017-05-21,15.43,4.68
2017-05-22,15.41,4.7
2017-05-23,15.38,4.71
2017-05-24,15.36,4.72
2017-05-25,15.33,4.73
2017-05-26,15.3,4.75
2017-05-27,15.3,4.75
2017-05-28,15.3,4.75
2017-05-29,15.28,4.76
2017-05-30,15.25,4.77
2017-05-31,15.23,4.79
2017-06-01,15.2,4.8
2017-06-02,15.22,4.82
2017-06-03,15.22,4.82
2017-06-04,15.22,4.82
2017-06-05,15.24,4.85
2017-06-06,15.26,4.87
2017-06-07,15.27,4.89
2017-06-08,15.29,4.92
2017-06-09,15.31,4.94
2017-06-10,15.31,4.94
2017-06-11,15.31,4.94
2017-06-12,15.33,4.96
2017-06-13,15.35,4.99
2017-06-14,15.37,5.01
2017-06-15,15.39,5.03
2017-06-16,15.4,5.06
2017-06-17,15.4,5.06
2017-06-18,15.4,5.06
2017-06-19,15.42,5.08
2017-06-20,15.44,5.1
2017-06-21,15.46,5.13
2017-06-22,15.48,5.15
2017-06-23,15.5,5.17
2017-06-24,15.5,5.17
2017-06-25,15.5,5.17
2017-06-26,15.52,5.2
2017-06-27,15.53,5.22
2017-06-28,15.55,5.24
2017-06-29,15.57,5.27
2017-06-30,15.59,5.29
2017-07-01,15.59,5.29
2017-07-02,15.59,5.29
2017-07-03,15.61,5.31
2017-07-04,15.63,5.33
2017-07-05,15.65,5.36
2017-07-06,15.67,5.38
2017-07-07,15.68,5.4
2017-07-08,15.68,5.4
2017-07-09,15.68,5.4
2017-07-10,15.7,5.43
2017-07-11,15.72,5.45
2017-07-12,15.74,5.47
2017-07-13,15.76,5.5
2017-07-14,15.78,5.52
2017-07-15,15.78,5.52
2017-07-16,15.78,5.52
2017-07-17,15.8,5.54
2017-07-18,15.81,5.57
2017-07-19,15.83,5.59
2017-07-20,15.85,5.61
2017-07-21,15.87,5.64
2017-07-22,15.87,5.64
2017-07-23,15.87,5.64
2017-07-24,15.89,5.66
2017-07-25,15.91,5.68
2017-07-26,15.93,5.71
2017-07-27,15.94,5.73
2017-07-28,15.96,5.75
2017-07-29,15.96,5.75
2017-07-30,15.96,5.75
2017-07-31,15.98,5.78
2017-08-01,16.0,5.8
2017-08-02,16.05,5.83
2017-08-03,16.1,5.86
2017-08-04,16.16,5.89
2017-08-05,16.16,5.89
2017-08-06,16.16,5.89
2017-08-07,16.21,5.92
2017-08-08,16.26,5.95
2017-08-09,16.31,5.98
2017-08-10,16.37,6.01
2017-08-11,16.42,6.04
2017-08-12,16.42,6.04
2017-08-13,16.42,6.04
2017-08-14,16.47,6.07
2017-08-15,16.52,6.1
2017-08-16,16.57,6.13
2017-08-17,16.63,6.17
2017-08-18,16.68,6.2
2017-08-19,16.68,6.2
2017-08-20,16.68,6.2
2017-08-21,16.73,6.23
2017-08-22,16.78,6.26
2017-08-23,16.83,6.29
2017-08-24,16.89,6.32
2017-08-25,16.94,6.35
2017-08-26,16.94,6.35
2017-08-27,16.94,6.35
2017-08-28,16.99,6.38
2017-08-29,17.04,6.41
2017-08-30,17.1,6.44
2017-08-31,17.15,6.47
2017-09-01,17.2,6.5
2017-09-02,17.2,6.5
2017-09-03,17.2,6.5
2017-09-04,17.2,6.52
2017-09-05,17.2,6.55
2017-09-06,17.2,6.57
2017-09-07,17.2,6.59
2017-09-08,17.2,6.62
2017-09-09,17.2,6.62
2017-09-10,17.2,6.62
2017-09-11,17.2,6.64
2017-09-12,17.2,6.66
2017-09-13,17.2,6.69
2017-09-14,17.2,6.71
2017-09-15,17.2,6.73
2017-09-16,17.2,6.73
2017-09-17,17.2,6.73
2017-09-18,17.2,6.76
2017-09-19,17.2,6.78
2017-09-20,17.2,6.8
2017-09-21,17.2,6.83
2017-09-22,17.2,6.85
2017-09-23,17.2,6.85
2017-09-24,17.2,6.85
2017-09-25,17.2,6.87
2017-09-26,17.2,6.9
2017-09-27,17.2,6.92
2017-09-28,17.2,6.94
2017-09-29,17.2,6.97
2017-09-30,17.2,6.97
2017-10-01,17.2,6.97
2017-10-02,17.2,6.99
2017-10-03,17.2,7.01
2017-10-04,17.2,7.03
2017-10-05,17.2,7.06
2017-10-06,17.2,7.08
2017-10-07,17.2,7.08
2017-10-08,17.2,7.08
2017-10-09,17.2,7.1
2017-10-10,17.2,7.13
2017-10-11,17.2,7.15
2017-10-12,17.2,7.17
2017-10-13,17.2,7.2
2017-10-14,17.2,7.2
2017-10-15,17.2,7.2
2017-10-16,17.2,7.22
2017-10-17,17.2,7.24
2017-10-18,17.2,7.27
2017-10-19,17.2,7.29
2017-10-20,17.2,7.31
2017-10-21,17.2,7.31
2017-10-22,17.2,7.31
2017-10-23,18.09,7.34
2017-10-24,17.96,7.36
2017-10-25,18.11,7.38
2017-10-26,18.07,7.41
2017-10-27,18.15,7.43
2017-10-28,18.15,7.43
2017-10-29,18.15,7.43
2017-10-30,18.11,7.45
2017-10-31,18.28,7.48
2017-11-01,18.55,7.5
2017-11-02,18.58,7.51
2017-11-03,18.31,7.53
2017-11-04,18.31,7.53
2017-11-05,18.31,7.53
2017-11-06,19.01,7.54
2017-11-07,19.33,7.55
2017-11-08,19.38,7.57
2017-11-09,19.51,7.58
2017-11-10,19.82,7.6
2017-11-11,19.82,7.6
2017-11-12,19.82,7.6
2017-11-13,19.91,7.61
2017-11-14,19.33,7.62
2017-11-15,19.01,7.64
2017-11-16,19.2,7.65
2017-11-17,18.95,7.66
2017-11-18,18.95,7.66
2017-11-19,18.95,7.66
2017-11-20,19.5,7.68
2017-11-21,19.84,7.69
2017-11-22,19.7,7.7
2017-11-23,19.7,7.72
2017-11-24,20.45,7.73
2017-11-25,20.45,7.73
2017-11-26,20.45,7.73
2017-11-27,20.68,7.75
2017-11-28,20.28,7.76
2017-11-29,20.35,7.77
2017-11-30,20.31,7.79
2017-12-01,20.79,7.8
2017-12-02,20.79,7.8
2017-12-03,20.79,7.8
2017-12-04,21.38,7.83
2017-12-05,21.41,7.87
2017-12-06,21.17,7.9
2017-12-07,21.26,7.93
2017-12-08,20.89,7.97
2017-12-09,20.89,7.97
2017-12-10,20.89,7.97
2017-12-11,21.14,8.0
2017-12-12,21.73,8.03
2017-12-13,20.67,8.07
2017-12-14,21.02,8.1
2017-12-15,21.01,8.13
2017-12-16,21.01,8.13
2017-12-17,21.01,8.13
2017-12-18,20.46,8.17
2017-12-19,19.95,8.2
2017-12-20,20.3,8.23
2017-12-21,20.0,8.27
2017-12-22,19.67,8.3
2017-12-23,19.67,8.3
2017-12-24,19.67,8.3
2017-12-25,19.67,8.33
2017-12-26,19.67,8.37
2017-12-27,19.19,8.4
2017-12-28,19.7,8.43
2017-12-29,19.62,8.47
2017-12-30,19.62,8.47
2017-12-31,19.62,8.47
2018-01-01,19.62,8.5
2018-01-02,19.32,8.53
2018-01-03,19.33,8.56
2018-01-04,19.2,8.59
2018-01-05,18.92,8.62
2018-01-06,18.92,8.62
2018-01-07,18.92,8.62
2018-01-08,19.05,8.65
2018-01-09,19.43,8.68
2018-01-10,19.33,8.71
2018-01-11,19.32,8.74
2018-01-12,19.81,8.77
2018-01-13,19.81,8.77
2018-01-14,19.81,8.77
2018-01-15,19.81,8.8
2018-01-16,18.9,8.83
2018-01-17,18.44,8.87
2018-01-18,18.35,8.9
2018-01-19,18.19,8.93
2018-01-20,18.19,8.93
2018-01-21,18.19,8.93
2018-01-22,18.55,8.96
2018-01-23,18.2,8.99
2018-01-24,17.79,9.02
2018-01-25,17.78,9.05
2018-01-26,17.78,9.08
2018-01-27,17.78,9.08
2018-01-28,17.78,9.08
2018-01-29,17.4,9.11
2018-01-30,17.41,9.14
2018-01-31,17.88,9.17
2018-02-01,18.15,9.2
2018-02-02,18.16,9.26
2018-02-03,18.16,9.26
2018-02-04,18.16,9.26
2018-02-05,17.59,9.33
2018-02-06,17.88,9.4
2018-02-07,18.16,9.46
2018-02-08,17.74,9.52
2018-02-09,17.9,9.59
2018-02-10,17.9,9.59
2018-02-11,17.9,9.59
2018-02-12,17.95,9.65
2018-02-13,18.31,9.72
2018-02-14,18.08,9.78
2018-02-15,17.79,9.85
2018-02-16,18.17,9.91
2018-02-17,18.17,9.91
2018-02-18,18.17,9.91
2018-02-19,18.17,9.98
2018-02-20,19.77,10.04
2018-02-21,19.78,10.11
2018-02-22,19.94,10.17
2018-02-23,20.41,10.24
2018-02-24,20.41,10.24
2018-02-25,20.41,10.24
2018-02-26,18.69,10.3
2018-02-27,19.19,10.37
2018-02-28,17.35,10.44
2018-03-01,17.56,10.5
2018-03-02,17.81,10.59
2018-03-03,17.81,10.59
2018-03-04,17.81,10.59
2018-03-05,17.51,10.69
2018-03-06,17.7,10.78
2018-03-07,17.83,10.87
2018-03-08,18.32,10.97
2018-03-09,18.94,11.06
2018-03-10,18.94,11.06
2018-03-11,18.94,11.06
2018-03-12,19.71,11.15
2018-03-13,19.47,11.24
2018-03-14,18.61,11.34
2018-03-15,18.8,11.43
2018-03-16,18.66,11.52
2018-03-17,18.66,11.52
2018-03-18,18.66,11.52
2018-03-19,18.7,11.62
2018-03-20,19.17,11.71
2018-03-21,19.39,11.8
2018-03-22,19.01,11.9
2018-03-23,18.44,11.99
2018-03-24,18.44,11.99
2018-03-25,18.44,11.99
2018-03-26,17.99,12.08
2018-03-27,18.5,12.17
2018-03-28,18.37,12.27
2018-03-29,18.23,12.36
2018-03-30,18.23,12.45
2018-03-31,18.23,12.45
2018-04-01,18.23,12.45
2018-04-02,18.23,12.55
2018-04-03,18.04,12.64
2018-04-04,18.18,12.73
2018-04-05,18.13,12.83
2018-04-06,18.18,12.92
2018-04-07,18.18,12.92
2018-04-08,18.18,12.92
2018-04-09,18.65,13.01
2018-04-10,18.84,13.1
2018-04-11,19.25,13.2
2018-04-12,19.22,13.29
2018-04-13,19.57,13.38
2018-04-14,19.57,13.38
2018-04-15,19.57,13.38
2018-04-16,19.35,13.48
2018-04-17,19.01,13.57
2018-04-18,19.31,13.66
2018-04-19,19.86,13.76
2018-04-20,19.8,13.85
2018-04-21,19.8,13.85
2018-04-22,19.8,13.85
2018-04-23,19.89,13.94
2018-04-24,19.67,14.03
2018-04-25,19.88,14.13
2018-04-26,20.15,14.22
2018-04-27,20.26,14.31
2018-04-28,20.26,14.31
2018-04-29,20.26,14.31
2018-04-30,20.56,14.41
2018-05-01,20.09,14.5
2018-05-02,19.86,14.53
2018-05-03,19.95,14.57
2018-05-04,20.42,14.6
2018-05-05,20.42,14.6
2018-05-06,20.42,14.6
2018-05-07,20.42,14.64
2018-05-08,20.6,14.67
2018-05-09,20.84,14.71
2018-05-10,21.0,14.74
2018-05-11,21.26,14.78
2018-05-12,21.26,14.78
2018-05-13,21.26,14.78
2018-05-14,21.62,14.81
2018-05-15,21.54,14.85
2018-05-16,21.67,14.88
2018-05-17,22.3,14.92
2018-05-18,22.06,14.95
2018-05-19,22.06,14.95
2018-05-20,22.06,14.95
2018-05-21,22.38,14.99
2018-05-22,22.91,15.02
2018-05-23,22.72,15.06
2018-05-24,22.69,15.09
2018-05-25,21.81,15.13
2018-05-26,21.81,15.13
2018-05-27,21.81,15.13
2018-05-28,21.81,15.16
2018-05-29,22.66,15.2
2018-05-30,22.99,15.23
2018-05-31,22.58,15.27
2018-06-01,21.77,15.3
2018-06-02,21.77,15.3
2018-06-03,21.77,15.3
2018-06-04,21.91,15.37
2018-06-05,21.43,15.45
2018-06-06,21.32,15.52
2018-06-07,21.67,15.6
2018-06-08,21.54,15.67
2018-06-09,21.54,15.67
2018-06-10,21.54,15.67
2018-06-11,21.35,15.75
2018-06-12,21.78,15.82
2018-06-13,22.38,15.9
2018-06-14,22.35,15.97
2018-06-15,21.75,16.04
2018-06-16,21.75,16.04
2018-06-17,21.75,16.04
2018-06-18,22.14,16.12
2018-06-19,21.69,16.19
2018-06-20,21.5,16.27
2018-06-21,21.55,16.34
2018-06-22,21.66,16.42
2018-06-23,21.66,16.42
2018-06-24,21.66,16.42
2018-06-25,21.55,16.49
2018-06-26,21.5,16.57
2018-06-27,22.03,16.64
2018-06-28,21.96,16.71
2018-06-29,21.88,16.79
2018-06-30,21.88,16.79
2018-07-01,21.88,16.79
2018-07-02,22.24,16.86
2018-07-03,22.26,16.94
2018-07-04,22.26,17.01
2018-07-05,22.47,17.09
2018-07-06,22.35,17.16
2018-07-07,22.35,17.16
2018-07-08,22.35,17.16
2018-07-09,22.73,17.23
2018-07-10,22.73,17.31
2018-07-11,22.58,17.38
2018-07-12,21.97,17.46
2018-07-13,22.26,17.53
2018-07-14,22.26,17.53
2018-07-15,22.26,17.53
2018-07-16,22.02,17.61
2018-07-17,21.85,17.68
2018-07-18,22.14,17.76
2018-07-19,22.16,17.83
2018-07-20,21.88,17.9
2018-07-21,21.88,17.9
2018-07-22,21.88,17.9
2018-07-23,22.03,17.98
2018-07-24,22.09,18.05
2018-07-25,22.17,18.13
2018-07-26,22.11,18.2
2018-07-27,21.89,18.28
2018-07-28,21.89,18.28
2018-07-29,21.89,18.28
2018-07-30,22.06,18.35
2018-07-31,22.11,18.43
2018-08-01,21.93,18.5
2018-08-02,21.93,18.55
2018-08-03,22.26,18.59
2018-08-04,22.26,18.59
2018-08-05,22.26,18.59
2018-08-06,22.5,18.64
2018-08-07,22.61,18.69
2018-08-08,22.6,18.73
2018-08-09,22.72,18.78
2018-08-10,22.88,18.83
2018-08-11,22.88,18.83
2018-08-12,22.88,18.83
2018-08-13,23.5,18.87
2018-08-14,23.73,18.92
2018-08-15,23.52,18.97
2018-08-16,23.83,19.01
2018-08-17,24.16,19.06
2018-08-18,24.16,19.06
2018-08-19,24.16,19.06
2018-08-20,24.18,19.1
2018-08-21,24.41,19.15
2018-08-22,24.45,19.2
2018-08-23,24.76,19.24
2018-08-24,24.98,19.29
2018-08-25,24.98,19.29
2018-08-26,24.98,19.29
2018-08-27,25.41,19.34
2018-08-28,25.36,19.38
2018-08-29,25.87,19.43
2018-08-30,26.13,19.48
2018-08-31,25.83,19.52
2018-09-01,25.83,19.52
2018-09-02,25.83,19.52
2018-09-03,25.83,19.57
2018-09-04,26.71,19.62
2018-09-05,27.02,19.66
2018-09-06,27.45,19.71
2018-09-07,27.99,19.76
2018-09-08,27.99,19.76
2018-09-09,27.99,19.76
2018-09-10,29.12,19.8
2018-09-11,28.78,19.85
2018-09-12,27.5,19.9
2018-09-13,26.81,19.94
2018-09-14,26.93,19.99
2018-09-15,26.93,19.99
2018-09-16,26.93,19.99
2018-09-17,28.08,20.03
2018-09-18,27.41,20.08
2018-09-19,28.32,20.13
2018-09-20,28.59,20.17
2018-09-21,28.73,20.22
2018-09-22,28.73,20.22
2018-09-23,28.73,20.22
2018-09-24,29.25,20.27
2018-09-25,29.23,20.31
2018-09-26,28.26,20.36
2018-09-27,27.58,20.41
2018-09-28,27.33,20.45
2018-09-29,27.33,20.45
2018-09-30,27.33,20.45
2018-10-01,27.44,20.5
2018-10-02,27.25,20.47
2018-10-03,27.11,20.44
2018-10-04,27.47,20.41
2018-10-05,27.9,20.38
2018-10-06,27.9,20.38
2018-10-07,27.9,20.38
2018-10-08,27.22,20.35
2018-10-09,26.83,20.32
2018-10-10,26.22,20.29
2018-10-11,25.76,20.26
2018-10-12,26.63,20.23
2018-10-13,26.63,20.23
2018-10-14,26.63,20.23
2018-10-15,26.62,20.2
2018-10-16,26.33,20.17
2018-10-17,25.94,20.13
2018-10-18,26.02,20.1
2018-10-19,26.86,20.07
2018-10-20,26.86,20.07
2018-10-21,26.86,20.07
2018-10-22,26.11,20.04
2018-10-23,25.67,20.01
2018-10-24,25.26,19.98
2018-10-25,24.86,19.95
2018-10-26,24.28,19.92
2018-10-27,24.28,19.92
2018-10-28,24.28,19.92
2018-10-29,24.58,19.89
2018-10-30,23.88,19.86
2018-10-31,24.33,19.83
2018-11-01,23.65,19.8
2018-11-02,24.28,19.87
2018-11-03,24.28,19.87
2018-11-04,24.28,19.87
2018-11-05,23.81,19.94
2018-11-06,23.9,20.01
2018-11-07,24.42,20.08
2018-11-08,24.43,20.15
2018-11-09,24.33,20.22
2018-11-10,24.33,20.22
2018-11-11,24.33,20.22
2018-11-12,25.95,20.29
2018-11-13,26.52,20.36
2018-11-14,26.28,20.43
2018-11-15,26.67,20.5
2018-11-16,25.95,20.57
2018-11-17,25.95,20.57
2018-11-18,25.95,20.57
2018-11-19,24.15,20.64
2018-11-20,24.35,20.71
2018-11-21,24.5,20.78
2018-11-22,24.5,20.85
2018-11-23,24.82,20.92
2018-11-24,24.82,20.92
2018-11-25,24.82,20.92
2018-11-26,24.55,20.99
2018-11-27,25.16,21.06
2018-11-28,24.3,21.13
2018-11-29,24.64,21.2
2018-11-30,24.69,21.27
2018-12-01,24.69,21.27
2018-12-02,24.69,21.27
2018-12-03,25.08,21.33
2018-12-04,24.42,21.4
2018-12-05,24.42,21.47
2018-12-06,23.17,21.54
2018-12-07,23.15,21.61
2018-12-08,23.15,21.61
2018-12-09,23.15,21.61
2018-12-10,23.25,21.68
2018-12-11,23.62,21.75
2018-12-12,23.92,21.82
2018-12-13,24.23,21.89
2018-12-14,24.65,21.96
2018-12-15,24.65,21.96
2018-12-16,24.65,21.96
2018-12-17,24.68,22.03
2018-12-18,23.73,22.1
2018-12-19,24.21,22.17
2018-12-20,24.6,22.24
2018-12-21,24.9,22.31
2018-12-22,24.9,22.31
2018-12-23,24.9,22.31
2018-12-24,24.25,22.38
2018-12-25,24.25,22.45
2018-12-26,24.25,22.52
2018-12-27,23.32,22.59
2018-12-28,22.81,22.66
2018-12-29,22.81,22.66
2018-12-30,22.81,22.66
2018-12-31,21.98,22.73
2019-01-01,21.98,22.8
2019-01-02,22.48,22.7
2019-01-03,22.25,22.6
2019-01-04,22.93,22.5
2019-01-05,22.93,22.5
2019-01-06,22.93,22.5
2019-01-07,21.53,22.4
2019-01-08,22.09,22.3
2019-01-09,21.72,22.2
2019-01-10,21.67,22.1
2019-01-11,22.25,22.0
2019-01-12,22.25,22.0
2019-01-13,22.25,22.0
2019-01-14,21.67,21.9
2019-01-15,22.0,21.8
2019-01-16,22.0,21.7
2019-01-17,23.0,21.6
2019-01-18,22.6,21.5
2019-01-19,22.6,21.5
2019-01-20,22.6,21.5
2019-01-21,22.6,21.4
2019-01-22,21.82,21.3
2019-01-23,22.19,21.2
2019-01-24,21.28,21.1
2019-01-25,20.89,21.0
2019-01-26,20.89,21.0
2019-01-27,20.89,21.0
2019-01-28,20.55,20.9
2019-01-29,20.58,20.8
2019-01-30,20.18,20.7
2019-01-31,19.85,20.6
2019-02-01,19.3,20.5
2019-02-02,19.3,20.5
2019-02-03,19.3,20.5
2019-02-04,19.35,20.55
2019-02-05,19.14,20.6
2019-02-06,18.92,20.65
2019-02-07,18.91,20.7
2019-02-08,18.26,20.75
2019-02-09,18.26,20.75
2019-02-10,18.26,20.75
2019-02-11,18.06,20.8
2019-02-12,17.78,20.85
2019-02-13,18.02,20.9
2019-02-14,17.75,20.95
2019-02-15,18.1,21.0
2019-02-16,18.1,21.0
2019-02-17,18.1,21.0
2019-02-18,18.1,21.05
2019-02-19,17.7,21.1
2019-02-20,18.15,21.15
2019-02-21,17.52,21.2
2019-02-22,17.23,21.25
2019-02-23,17.23,21.25
2019-02-24,17.23,21.25
2019-02-25,16.94,21.3
2019-02-26,17.05,21.35
2019-02-27,17.61,21.4
2019-02-28,17.82,21.45
2019-03-01,17.32,21.5
2019-03-02,17.32,21.5
2019-03-03,17.32,21.5
2019-03-04,17.4,21.74
2019-03-05,17.18,21.98
2019-03-06,16.85,22.21
2019-03-07,16.87,22.45
2019-03-08,16.73,22.69
2019-03-09,16.73,22.69
2019-03-10,16.73,22.69
2019-03-11,16.62,22.93
2019-03-12,16.21,23.17
2019-03-13,15.73,23.4
2019-03-14,15.6,23.64
2019-03-15,15.25,23.88
2019-03-16,15.25,23.88
2019-03-17,15.25,23.88
2019-03-18,14.98,24.12
2019-03-19,15.01,24.36
2019-03-20,15.22,24.6
2019-03-21,14.56,24.83
2019-03-22,14.45,25.07
2019-03-23,14.45,25.07
2019-03-24,14.45,25.07
2019-03-25,14.19,25.31
2019-03-26,14.39,25.55
2019-03-27,14.99,25.79
2019-03-28,14.43,26.02
2019-03-29,14.22,26.26
2019-03-30,14.22,26.26
2019-03-31,14.22,26.26
2019-04-01,13.85,26.5
2019-04-02,13.45,26.48
2019-04-03,14.19,26.45
2019-04-04,14.81,26.43
2019-04-05,16.64,26.41
2019-04-06,16.64,26.41
2019-04-07,16.64,26.41
2019-04-08,15.97,26.39
2019-04-09,16.75,26.36
2019-04-10,15.73,26.34
2019-04-11,15.99,26.32
2019-04-12,15.85,26.3
2019-04-13,15.85,26.3
2019-04-14,15.85,26.3
2019-04-15,15.01,26.27
2019-04-16,14.84,26.25
2019-04-17,15.19,26.23
2019-04-18,14.46,26.2
2019-04-19,14.46,26.18
2019-04-20,14.46,26.18
2019-04-21,14.46,26.18
2019-04-22,14.46,26.16
2019-04-23,14.42,26.14
2019-04-24,14.27,26.11
2019-04-25,14.53,26.09
2019-04-26,14.43,26.07
2019-04-27,14.43,26.07
2019-04-28,14.43,26.07
2019-04-29,14.52,26.05
2019-04-30,14.39,26.02
2019-05-01,14.06,26.0
2019-05-02,14.36,26.05
2019-05-03,14.56,26.09
2019-05-04,14.56,26.09
2019-05-05,14.56,26.09
2019-05-06,14.34,26.14
2019-05-07,14.15,26.19
2019-05-08,14.32,26.23
2019-05-09,14.45,26.28
2019-05-10,13.99,26.33
2019-05-11,13.99,26.33
2019-05-12,13.99,26.33
2019-05-13,13.76,26.37
2019-05-14,13.78,26.42
2019-05-15,13.85,26.47
2019-05-16,13.39,26.51
2019-05-17,12.85,26.56
2019-05-18,12.85,26.56
2019-05-19,12.85,26.56
2019-05-20,12.9,26.6
2019-05-21,12.7,26.65
2019-05-22,12.65,26.7
2019-05-23,12.6,26.74
2019-05-24,12.25,26.79
2019-05-25,12.25,26.79
2019-05-26,12.25,26.79
2019-05-27,12.25,26.84
2019-05-28,12.52,26.88
2019-05-29,12.23,26.93
2019-05-30,11.48,26.98
2019-05-31,11.2,27.02
2019-06-01,11.2,27.02
2019-06-02,11.2,27.02
2019-06-03,11.1,27.07
2019-06-04,11.91,27.12
2019-06-05,11.6,27.16
2019-06-06,11.1,27.21
2019-06-07,11.52,27.26
2019-06-08,11.52,27.26
2019-06-09,11.52,27.26
2019-06-10,11.81,27.3
2019-06-11,11.2,27.35
2019-06-12,11.14,27.4
2019-06-13,11.4,27.44
2019-06-14,11.32,27.49
2019-06-15,11.32,27.49
2019-06-16,11.32,27.49
2019-06-17,11.57,27.53
2019-06-18,11.03,27.58
2019-06-19,10.48,27.63
2019-06-20,10.15,27.67
2019-06-21,10.35,27.72
2019-06-22,10.35,27.72
2019-06-23,10.35,27.72
2019-06-24,10.2,27.77
2019-06-25,9.85,27.81
2019-06-26,9.62,27.86
2019-06-27,9.38,27.91
2019-06-28,10.11,27.95
2019-06-29,10.11,27.95
2019-06-30,10.11,27.95
2019-07-01,10.36,28.0
2019-07-02,10.23,27.93
2019-07-03,10.3,27.87
2019-07-04,10.3,27.8
2019-07-05,11.22,27.74
2019-07-06,11.22,27.74
2019-07-07,11.22,27.74
2019-07-08,11.88,27.67
2019-07-09,11.76,27.61
2019-07-10,12.14,27.54
2019-07-11,13.13,27.48
2019-07-12,13.28,27.41
2019-07-13,13.28,27.41
2019-07-14,13.28,27.41
2019-07-15,12.9,27.35
2019-07-16,11.41,27.28
2019-07-17,10.99,27.22
2019-07-18,10.73,27.15
2019-07-19,10.81,27.09
2019-07-20,10.81,27.09
2019-07-21,10.81,27.09
2019-07-22,10.16,27.02
2019-07-23,10.75,26.96
2019-07-24,10.07,26.89
2019-07-25,10.02,26.83
2019-07-26,9.97,26.76
2019-07-27,9.97,26.76
2019-07-28,9.97,26.76
2019-07-29,9.81,26.7
2019-07-30,9.79,26.63
2019-07-31,11.0,26.57
2019-08-01,12.36,26.5
2019-08-02,12.02,26.45
2019-08-03,12.02,26.45
2019-08-04,12.02,26.45
2019-08-05,11.47,26.41
2019-08-06,10.95,26.36
2019-08-07,11.41,26.31
2019-08-08,12.07,26.27
2019-08-09,12.02,26.22
2019-08-10,12.02,26.22
2019-08-11,12.02,26.22
2019-08-12,11.42,26.17
2019-08-13,11.86,26.13
2019-08-14,11.18,26.08
2019-08-15,11.23,26.03
2019-08-16,10.95,25.99
2019-08-17,10.95,25.99
2019-08-18,10.95,25.99
2019-08-19,10.78,25.94
2019-08-20,11.22,25.9
2019-08-21,11.41,25.85
2019-08-22,10.99,25.8
2019-08-23,10.59,25.76
2019-08-24,10.59,25.76
2019-08-25,10.59,25.76
2019-08-26,10.31,25.71
2019-08-27,10.07,25.66
2019-08-28,10.23,25.62
2019-08-29,10.72,25.57
2019-08-30,12.8,25.52
2019-08-31,12.8,25.52
2019-09-01,12.8,25.52
2019-09-02,12.8,25.48
2019-09-03,12.1,25.43
2019-09-04,11.96,25.38
2019-09-05,12.23,25.34
2019-09-06,12.35,25.29
2019-09-07,12.35,25.29
2019-09-08,12.35,25.29
2019-09-09,12.23,25.24
2019-09-10,14.4,25.2
2019-09-11,14.35,25.15
2019-09-12,14.47,25.1
2019-09-13,14.71,25.06
2019-09-14,14.71,25.06
2019-09-15,14.71,25.06
2019-09-16,15.34,25.01
2019-09-17,13.44,24.97
2019-09-18,12.44,24.92
2019-09-19,12.26,24.87
2019-09-20,12.71,24.83
2019-09-21,12.71,24.83
2019-09-22,12.71,24.83
2019-09-23,12.24,24.78
2019-09-24,12.34,24.73
2019-09-25,11.95,24.69
2019-09-26,12.05,24.64
2019-09-27,11.94,24.59
2019-09-28,11.94,24.59
2019-09-29,11.94,24.59
2019-09-30,16.39,24.55
2019-10-01,16.76,24.5
2019-10-02,16.0,24.51
2019-10-03,16.01,24.53
2019-10-04,15.77,24.54
2019-10-05,15.77,24.54
2019-10-06,15.77,24.54
2019-10-07,15.51,24.55
2019-10-08,15.64,24.57
2019-10-09,15.57,24.58
2019-10-10,15.85,24.59
2019-10-11,16.14,24.6
2019-10-12,16.14,24.6
2019-10-13,16.14,24.6
2019-10-14,16.04,24.62
2019-10-15,16.07,24.63
2019-10-16,16.08,24.64
2019-10-17,16.02,24.66
2019-10-18,15.97,24.67
2019-10-19,15.97,24.67
2019-10-20,15.97,24.67
2019-10-21,15.61,24.68
2019-10-22,15.6,24.7
2019-10-23,15.41,24.71
2019-10-24,15.65,24.72
2019-10-25,15.23,24.73
2019-10-26,15.23,24.73
2019-10-27,15.23,24.73
2019-10-28,14.39,24.75
2019-10-29,13.84,24.76
2019-10-30,13.78,24.77
2019-10-31,16.14,24.79
2019-11-01,16.17,24.8
2019-11-02,16.17,24.8
2019-11-03,16.17,24.8
2019-11-04,16.48,24.78
2019-11-05,16.79,24.76
2019-11-06,16.28,24.74
2019-11-07,16.12,24.73
2019-11-08,15.94,24.71
2019-11-09,15.94,24.71
2019-11-10,15.94,24.71
2019-11-11,15.85,24.69
2019-11-12,15.55,24.67
2019-11-13,15.45,24.65
2019-11-14,15.67,24.63
2019-11-15,15.72,24.61
2019-11-16,15.72,24.61
2019-11-17,15.72,24.61
2019-11-18,15.23,24.6
2019-11-19,15.29,24.58
2019-11-20,15.59,24.56
2019-11-21,15.62,24.54
2019-11-22,16.05,24.52
2019-11-23,16.05,24.52
2019-11-24,16.05,24.52
2019-11-25,16.24,24.5
2019-11-26,15.85,24.48
2019-11-27,15.98,24.47
2019-11-28,15.98,24.45
2019-11-29,16.33,24.43
2019-11-30,16.33,24.43
2019-12-01,16.33,24.43
2019-12-02,15.81,24.41
2019-12-03,15.77,24.39
2019-12-04,15.88,24.37
2019-12-05,15.41,24.35
2019-12-06,15.14,24.33
2019-12-07,15.14,24.33
2019-12-08,15.14,24.33
2019-12-09,14.89,24.32
2019-12-10,14.53,24.3
2019-12-11,14.05,24.28
2019-12-12,14.77,24.26
2019-12-13,13.81,24.24
2019-12-14,13.81,24.24
2019-12-15,13.81,24.24
2019-12-16,13.89,24.22
2019-12-17,14.46,24.2
2019-12-18,14.95,24.19
2019-12-19,15.01,24.17
2019-12-20,14.23,24.15
2019-12-21,14.23,24.15
2019-12-22,14.23,24.15
2019-12-23,13.02,24.13
2019-12-24,12.6,24.11
2019-12-25,12.6,24.09
2019-12-26,12.6,24.07
2019-12-27,12.77,24.06
2019-12-28,12.77,24.06
2019-12-29,12.77,24.06
2019-12-30,12.3,24.04
2019-12-31,12.05,24.02
2020-01-01,12.05,24.0
2020-01-02,12.07,23.92
2020-01-03,12.98,23.85
2020-01-04,12.98,23.85
2020-01-05,12.98,23.85
2020-01-06,12.28,23.77
2020-01-07,11.93,23.69
2020-01-08,11.97,23.62
2020-01-09,12.18,23.54
2020-01-10,11.94,23.46
2020-01-11,11.94,23.46
2020-01-12,11.94,23.46
2020-01-13,12.06,23.38
2020-01-14,11.31,23.31
2020-01-15,11.18,23.23
2020-01-16,11.11,23.15
2020-01-17,10.93,23.08
2020-01-18,10.93,23.08
2020-01-19,10.93,23.08
2020-01-20,10.93,23.0
2020-01-21,10.77,22.92
2020-01-22,10.45,22.85
2020-01-23,10.43,22.77
2020-01-24,10.45,22.69
2020-01-25,10.45,22.69
2020-01-26,10.45,22.69
2020-01-27,10.52,22.62
2020-01-28,10.79,22.54
2020-01-29,10.15,22.46
2020-01-30,9.78,22.38
2020-01-31,9.76,22.31
2020-02-01,9.76,22.31
2020-02-02,9.76,22.31
2020-02-03,9.21,22.23
2020-02-04,9.36,22.15
2020-02-05,9.31,22.08
2020-02-06,9.15,22.0
2020-02-07,9.07,21.92
2020-02-08,9.07,21.92
2020-02-09,9.07,21.92
2020-02-10,8.65,21.85
2020-02-11,8.56,21.77
2020-02-12,8.72,21.69
2020-02-13,8.89,21.62
2020-02-14,8.88,21.54
2020-02-15,8.88,21.54
2020-02-16,8.88,21.54
2020-02-17,8.88,21.46
2020-02-18,9.38,21.38
2020-02-19,9.57,21.31
2020-02-20,9.56,21.23
2020-02-21,9.41,21.15
2020-02-22,9.41,21.15
2020-02-23,9.41,21.15
2020-02-24,9.05,21.08
2020-02-25,9.01,21.0
2020-02-26,9.07,20.92
2020-02-27,8.87,20.85
2020-02-28,8.88,20.77
2020-02-29,8.88,20.77
2020-03-01,8.88,20.77
2020-03-02,8.89,20.69
2020-03-03,9.17,20.62
2020-03-04,8.91,20.54
2020-03-05,8.85,20.46
2020-03-06,8.65,20.38
2020-03-07,8.65,20.38
2020-03-08,8.65,20.38
2020-03-09,8.62,20.31
2020-03-10,8.99,20.23
2020-03-11,9.37,20.15
2020-03-12,9.32,20.08
2020-03-13,9.28,20.0
2020-03-14,9.28,20.0
2020-03-15,9.28,20.0
2020-03-16,8.74,19.92
2020-03-17,8.47,19.85
2020-03-18,8.27,19.77
2020-03-19,8.55,19.69
2020-03-20,8.3,19.62
2020-03-21,8.3,19.62
2020-03-22,8.3,19.62
2020-03-23,7.85,19.54
2020-03-24,7.91,19.46
2020-03-25,7.74,19.38
2020-03-26,7.57,19.31
2020-03-27,7.22,19.23
2020-03-28,7.22,19.23
2020-03-29,7.22,19.23
2020-03-30,6.89,19.15
2020-03-31,6.9,19.08
2020-04-01,6.82,19.0
2020-04-02,6.93,19.07
2020-04-03,6.92,19.14
2020-04-04,6.92,19.14
2020-04-05,6.92,19.14
2020-04-06,7.28,19.2
2020-04-07,7.28,19.27
2020-04-08,7.26,19.34
2020-04-09,7.28,19.41
2020-04-10,7.28,19.48
2020-04-11,7.28,19.48
2020-04-12,7.28,19.48
2020-04-13,7.28,19.55
2020-04-14,6.88,19.61
2020-04-15,6.65,19.68
2020-04-16,6.91,19.75
2020-04-17,6.99,19.82
2020-04-18,6.99,19.82
2020-04-19,6.99,19.82
2020-04-20,6.62,19.89
2020-04-21,6.32,19.95
2020-04-22,6.22,20.02
2020-04-23,6.05,20.09
2020-04-24,5.77,20.16
2020-04-25,5.77,20.16
2020-04-26,5.77,20.16
2020-04-27,5.94,20.23
2020-04-28,6.14,20.3
2020-04-29,6.01,20.36
2020-04-30,6.22,20.43
2020-05-01,5.84,20.5
2020-05-02,5.84,20.5
2020-05-03,5.84,20.5
2020-05-04,5.74,20.57
2020-05-05,5.68,20.64
2020-05-06,5.76,20.71
2020-05-07,5.84,20.79
2020-05-08,5.83,20.86
2020-05-09,5.83,20.86
2020-05-10,5.83,20.86
2020-05-11,5.7,20.93
2020-05-12,5.32,21.0
2020-05-13,5.12,21.07
2020-05-14,5.26,21.14
2020-05-15,5.22,21.21
2020-05-16,5.22,21.21
2020-05-17,5.22,21.21
2020-05-18,4.92,21.29
2020-05-19,4.61,21.36
2020-05-20,4.46,21.43
2020-05-21,3.83,21.5
2020-05-22,3.89,21.57
2020-05-23,3.89,21.57
2020-05-24,3.89,21.57
2020-05-25,3.89,21.64
2020-05-26,4.12,21.71
2020-05-27,3.69,21.79
2020-05-28,3.51,21.86
2020-05-29,4.39,21.93
2020-05-30,4.39,21.93
2020-05-31,4.39,21.93
2020-06-01,4.05,22.0
2020-06-02,4.85,22.25
2020-06-03,5.33,22.5
2020-06-04,5.39,22.75
2020-06-05,5.71,23.0
2020-06-06,5.71,23.0
2020-06-07,5.71,23.0
2020-06-08,5.25,23.25
2020-06-09,4.8,23.5
2020-06-10,4.8,23.75
2020-06-11,4.99,24.0
2020-06-12,5.28,24.25
2020-06-13,5.28,24.25
2020-06-14,5.28,24.25
2020-06-15,5.51,24.5
2020-06-16,5.26,24.75
2020-06-17,5.21,25.0
2020-06-18,5.45,25.25
2020-06-19,5.61,25.5
2020-06-20,5.61,25.5
2020-06-21,5.61,25.5
2020-06-22,5.49,25.75
2020-06-23,5.83,26.0
2020-06-24,5.66,26.25
2020-06-25,5.26,26.5
2020-06-26,5.11,26.75
2020-06-27,5.11,26.75
2020-06-28,5.11,26.75
2020-06-29,5.84,27.0
2020-06-30,6.16,27.25
2020-07-01,5.86,27.5
2020-07-02,5.95,27.49
2020-07-03,5.95,27.48
2020-07-04,5.95,27.48
2020-07-05,5.95,27.48
2020-07-06,6.09,27.47
2020-07-07,6.12,27.45
2020-07-08,5.93,27.44
2020-07-09,5.76,27.43
2020-07-10,5.47,27.42
2020-07-11,5.47,27.42
2020-07-12,5.47,27.42
2020-07-13,5.11,27.41
2020-07-14,5.09,27.4
2020-07-15,5.22,27.39
2020-07-16,5.06,27.38
2020-07-17,5.11,27.36
2020-07-18,5.11,27.36
2020-07-19,5.11,27.36
2020-07-20,4.73,27.35
2020-07-21,4.79,27.34
2020-07-22,4.83,27.33
2020-07-23,4.99,27.32
2020-07-24,5.01,27.31
2020-07-25,5.01,27.31
2020-07-26,5.01,27.31
2020-07-27,4.78,27.3
2020-07-28,4.96,27.28
2020-07-29,5.18,27.27
2020-07-30,5.22,27.26
2020-07-31,6.03,27.25
2020-08-01,6.03,27.25
2020-08-02,6.03,27.25
2020-08-03,6.8,27.24
2020-08-04,7.36,27.23
2020-08-05,7.32,27.22
2020-08-06,7.94,27.2
2020-08-07,7.93,27.19
2020-08-08,7.93,27.19
2020-08-09,7.93,27.19
2020-08-10,7.59,27.18
2020-08-11,7.41,27.17
2020-08-12,7.17,27.16
2020-08-13,7.31,27.15
2020-08-14,8.02,27.14
2020-08-15,8.02,27.14
2020-08-16,8.02,27.14
2020-08-17,8.18,27.12
2020-08-18,8.55,27.11
2020-08-19,8.35,27.1
2020-08-20,8.15,27.09
2020-08-21,7.62,27.08
2020-08-22,7.62,27.08
2020-08-23,7.62,27.08
2020-08-24,8.36,27.07
2020-08-25,8.86,27.06
2020-08-26,9.15,27.05
2020-08-27,8.87,27.03
2020-08-28,11.17,27.02
2020-08-29,11.17,27.02
2020-08-30,11.17,27.02
2020-08-31,11.24,27.01
2020-09-01,11.3,27.0
2020-09-02,11.11,26.93
2020-09-03,11.73,26.86
2020-09-04,11.68,26.8
2020-09-05,11.68,26.8
2020-09-06,11.68,26.8
2020-09-07,11.68,26.73
2020-09-08,10.8,26.66
2020-09-09,10.73,26.59
2020-09-10,10.52,26.52
2020-09-11,10.49,26.45
2020-09-12,10.49,26.45
2020-09-13,10.49,26.45
2020-09-14,10.7,26.39
2020-09-15,10.9,26.32
2020-09-16,11.32,26.25
2020-09-17,11.12,26.18
2020-09-18,11.48,26.11
2020-09-19,11.48,26.11
2020-09-20,11.48,26.11
2020-09-21,11.49,26.05
2020-09-22,11.7,25.98
2020-09-23,12.02,25.91
2020-09-24,11.64,25.84
2020-09-25,11.66,25.77
2020-09-26,11.66,25.77
2020-09-27,11.66,25.77
2020-09-28,12.35,25.7
2020-09-29,12.28,25.64
2020-09-30,13.28,25.57
2020-10-01,13.18,25.5
2020-10-02,13.02,25.65
2020-10-03,13.02,25.65
2020-10-04,13.02,25.65
2020-10-05,13.42,25.8
2020-10-06,13.31,25.95
2020-10-07,13.71,26.1
2020-10-08,13.9,26.26
2020-10-09,13.76,26.41
2020-10-10,13.76,26.41
2020-10-11,13.76,26.41
2020-10-12,13.84,26.56
2020-10-13,13.6,26.71
2020-10-14,13.87,26.86
2020-10-15,14.24,27.01
2020-10-16,14.5,27.16
2020-10-17,14.5,27.16
2020-10-18,14.5,27.16
2020-10-19,14.72,27.31
2020-10-20,14.9,27.47
2020-10-21,14.86,27.62
2020-10-22,15.26,27.77
2020-10-23,15.41,27.92
2020-10-24,15.41,27.92
2020-10-25,15.41,27.92
2020-10-26,14.86,28.07
2020-10-27,14.74,28.22
2020-10-28,14.48,28.37
2020-10-29,14.22,28.52
2020-10-30,14.06,28.67
2020-10-31,14.06,28.67
2020-11-01,14.06,28.67
2020-11-02,13.65,28.83
2020-11-03,13.66,28.98
2020-11-04,13.89,29.13
2020-11-05,14.45,29.28
2020-11-06,13.9,29.43
2020-11-07,13.9,29.43
2020-11-08,13.9,29.43
2020-11-09,13.85,29.58
2020-11-10,14.03,29.73
2020-11-11,14.1,29.88
2020-11-12,14.0,30.03
2020-11-13,14.24,30.19
2020-11-14,14.24,30.19
2020-11-15,14.24,30.19
2020-11-16,14.49,30.34
2020-11-17,13.97,30.49
2020-11-18,13.68,30.64
2020-11-19,13.02,30.79
2020-11-20,12.9,30.94
2020-11-21,12.9,30.94
2020-11-22,12.9,30.94
2020-11-23,13.53,31.09
2020-11-24,13.9,31.24
2020-11-25,13.93,31.4
2020-11-26,13.93,31.55
2020-11-27,14.48,31.7
2020-11-28,14.48,31.7
2020-11-29,14.48,31.7
2020-11-30,15.14,31.85
2020-12-01,14.91,32.0
2020-12-02,14.9,32.07
2020-12-03,14.15,32.13
2020-12-04,14.65,32.2
2020-12-05,14.65,32.2
2020-12-06,14.65,32.2
2020-12-07,14.35,32.26
2020-12-08,14.44,32.33
2020-12-09,14.73,32.39
2020-12-10,15.54,32.46
2020-12-11,15.96,32.52
2020-12-12,15.96,32.52
2020-12-13,15.96,32.52
2020-12-14,16.6,32.59
2020-12-15,17.23,32.65
2020-12-16,16.38,32.72
2020-12-17,15.94,32.78
2020-12-18,15.89,32.85
2020-12-19,15.89,32.85
2020-12-20,15.89,32.85
2020-12-21,16.8,32.91
2020-12-22,17.64,32.98
2020-12-23,17.5,33.04
2020-12-24,17.65,33.11
2020-12-25,17.65,33.17
2020-12-26,17.65,33.17
2020-12-27,17.65,33.17
2020-12-28,19.15,33.24
2020-12-29,18.77,33.3
2020-12-30,19.0,33.37
2020-12-31,19.12,33.43
2021-01-01,19.12,33.5
2021-01-02,19.12,33.5
2021-01-03,19.12,33.5
2021-01-04,19.84,33.62
2021-01-05,18.0,33.74
2021-01-06,17.57,33.86
2021-01-07,19.31,33.98
2021-01-08,20.12,34.1
2021-01-09,20.12,34.1
2021-01-10,20.12,34.1
2021-01-11,22.12,34.21
2021-01-12,26.16,34.33
2021-01-13,21.5,34.45
2021-01-14,21.33,34.57
2021-01-15,20.2,34.69
2021-01-16,20.2,34.69
2021-01-17,20.2,34.69
2021-01-18,20.2,34.81
2021-01-19,20.33,34.93
2021-01-20,20.26,35.05
2021-01-21,20.07,35.17
2021-01-22,21.49,35.29
2021-01-23,21.49,35.29
2021-01-24,21.49,35.29
2021-01-25,20.16,35.4
2021-01-26,19.51,35.52
2021-01-27,19.7,35.64
2021-01-28,20.91,35.76
2021-01-29,19.82,35.88
2021-01-30,19.82,35.88
2021-01-31,19.82,35.88
2021-02-01,18.14,36.0
2021-02-02,18.25,36.12
2021-02-03,17.85,36.25
2021-02-04,18.12,36.38
2021-02-05,18.38,36.5
2021-02-06,18.38,36.5
2021-02-07,18.38,36.5
2021-02-08,20.18,36.62
2021-02-09,19.05,36.75
2021-02-10,18.56,36.88
2021-02-11,17.38,37.0
2021-02-12,17.62,37.12
2021-02-13,17.62,37.12
2021-02-14,17.62,37.12
2021-02-15,17.62,37.25
2021-02-16,16.72,37.38
2021-02-17,16.54,37.5
2021-02-18,17.33,37.62
2021-02-19,16.56,37.75
2021-02-20,16.56,37.75
2021-02-21,16.56,37.75
2021-02-22,15.96,37.88
2021-02-23,16.25,38.0
2021-02-24,16.38,38.12
2021-02-25,15.94,38.25
2021-02-26,15.69,38.38
2021-02-27,15.69,38.38
2021-02-28,15.69,38.38
2021-03-01,16.08,38.5
2021-03-02,15.87,38.74
2021-03-03,15.52,38.98
2021-03-04,15.93,39.22
2021-03-05,16.36,39.46
2021-03-06,16.36,39.46
2021-03-07,16.36,39.46
2021-03-08,16.15,39.7
2021-03-09,16.92,39.93
2021-03-10,17.63,40.17
2021-03-11,18.12,40.41
2021-03-12,18.45,40.65
2021-03-13,18.45,40.65
2021-03-14,18.45,40.65
2021-03-15,17.93,40.89
2021-03-16,17.66,41.13
2021-03-17,17.97,41.37
2021-03-18,17.76,41.61
2021-03-19,17.26,41.85
2021-03-20,17.26,41.85
2021-03-21,17.26,41.85
2021-03-22,18.05,42.09
2021-03-23,18.39,42.33
2021-03-24,18.59,42.57
2021-03-25,18.36,42.8
2021-03-26,18.7,43.04
2021-03-27,18.7,43.04
2021-03-28,18.7,43.04
2021-03-29,18.44,43.28
2021-03-30,18.81,43.52
2021-03-31,19.0,43.76
2021-04-01,19.17,44.0
2021-04-02,19.17,44.2
2021-04-03,19.17,44.2
2021-04-04,19.17,44.2
2021-04-05,19.17,44.4
2021-04-06,19.78,44.59
2021-04-07,19.28,44.79
2021-04-08,18.99,44.99
2021-04-09,18.94,45.19
2021-04-10,18.94,45.19
2021-04-11,18.94,45.19
2021-04-12,19.65,45.38
2021-04-13,19.51,45.58
2021-04-14,19.68,45.78
2021-04-15,20.26,45.98
2021-04-16,20.54,46.17
2021-04-17,20.54,46.17
2021-04-18,20.54,46.17
2021-04-19,20.94,46.37
2021-04-20,21.07,46.57
2021-04-21,21.11,46.77
2021-04-22,21.37,46.97
2021-04-23,20.05,47.16
2021-04-24,20.05,47.16
2021-04-25,20.05,47.16
2021-04-26,20.0,47.36
2021-04-27,21.41,47.56
2021-04-28,21.56,47.76
2021-04-29,22.5,47.95
2021-04-30,23.28,48.15
2021-05-01,23.28,48.15
2021-05-02,23.28,48.15
2021-05-03,23.82,48.35
2021-05-04,23.05,48.55
2021-05-05,23.96,48.74
2021-05-06,24.33,48.94
2021-05-07,23.94,49.14
2021-05-08,23.94,49.14
2021-05-09,23.94,49.14
2021-05-10,25.19,49.34
2021-05-11,25.81,49.53
2021-05-12,26.42,49.73
2021-05-13,26.25,49.93
2021-05-14,26.83,50.13
2021-05-15,26.83,50.13
2021-05-16,26.83,50.13
2021-05-17,26.31,50.33
2021-05-18,24.81,50.52
2021-05-19,22.67,50.72
2021-05-20,24.68,50.92
2021-05-21,24.8,51.12
2021-05-22,24.8,51.12
2021-05-23,24.8,51.12
2021-05-24,24.76,51.31
2021-05-25,26.19,51.51
2021-05-26,26.42,51.71
2021-05-27,25.2,51.91
2021-05-28,24.93,52.1
2021-05-29,24.93,52.1
2021-05-30,24.93,52.1
2021-05-31,24.93,52.3
2021-06-01,25.98,52.5
2021-06-02,25.73,52.61
2021-06-03,25.7,52.73
2021-06-04,25.8,52.84
2021-06-05,25.8,52.84
2021-06-06,25.8,52.84
2021-06-07,26.49,52.95
2021-06-08,27.8,53.07
2021-06-09,28.3,53.18
2021-06-10,28.68,53.3
2021-06-11,27.84,53.41
2021-06-12,27.84,53.41
2021-06-13,27.84,53.41
2021-06-14,28.81,53.52
2021-06-15,28.14,53.64
2021-06-16,28.03,53.75
2021-06-17,28.31,53.86
2021-06-18,29.41,53.98
2021-06-19,29.41,53.98
2021-06-20,29.41,53.98
2021-06-21,29.61,54.09
2021-06-22,30.74,54.2
2021-06-23,31.55,54.32
2021-06-24,32.01,54.43
2021-06-25,32.38,54.55
2021-06-26,32.38,54.55
2021-06-27,32.38,54.55
2021-06-28,32.29,54.66
2021-06-29,33.49,54.77
2021-06-30,34.62,54.89
2021-07-01,36.14,55.0
2021-07-02,35.83,55.16
2021-07-03,35.83,55.16
2021-07-04,35.83,55.16
2021-07-05,35.83,55.32
2021-07-06,34.1,55.48
2021-07-07,32.34,55.64
2021-07-08,33.31,55.8
2021-07-09,36.63,55.95
2021-07-10,36.63,55.95
2021-07-11,36.63,55.95
2021-07-12,34.65,56.11
2021-07-13,35.46,56.27
2021-07-14,34.78,56.43
2021-07-15,33.8,56.59
2021-07-16,34.84,56.75
2021-07-17,34.84,56.75
2021-07-18,34.84,56.75
2021-07-19,35.65,56.91
2021-07-20,35.17,57.07
2021-07-21,35.95,57.23
2021-07-22,36.13,57.39
2021-07-23,35.52,57.55
2021-07-24,35.52,57.55
2021-07-25,35.52,57.55
2021-07-26,36.91,57.7
2021-07-27,37.59,57.86
2021-07-28,39.7,58.02
2021-07-29,41.15,58.18
2021-07-30,40.76,58.34
2021-07-31,40.76,58.34
2021-08-01,40.76,58.34
2021-08-02,42.15,58.5
2021-08-03,41.24,58.66
2021-08-04,42.25,58.82
2021-08-05,42.9,58.98
2021-08-06,43.12,59.14
2021-08-07,43.12,59.14
2021-08-08,43.12,59.14
2021-08-09,42.79,59.3
2021-08-10,44.65,59.45
2021-08-11,45.99,59.61
2021-08-12,45.87,59.77
2021-08-13,44.63,59.93
2021-08-14,44.63,59.93
2021-08-15,44.63,59.93
2021-08-16,47.99,60.09
2021-08-17,46.95,60.25
2021-08-18,45.38,60.41
2021-08-19,40.4,60.57
2021-08-20,41.94,60.73
2021-08-21,41.94,60.73
2021-08-22,41.94,60.73
2021-08-23,41.68,60.89
2021-08-24,44.87,61.05
2021-08-25,45.28,61.2
2021-08-26,45.79,61.36
2021-08-27,47.81,61.52
2021-08-28,47.81,61.52
2021-08-29,47.81,61.52
2021-08-30,49.68,61.68
2021-08-31,50.34,61.84
2021-09-01,50.23,62.0
2021-09-02,51.92,61.91
2021-09-03,51.51,61.82
2021-09-04,51.51,61.82
2021-09-05,51.51,61.82
2021-09-06,51.51,61.73
2021-09-07,53.91,61.64
2021-09-08,55.29,61.55
2021-09-09,56.58,61.45
2021-09-10,57.92,61.36
2021-09-11,57.92,61.36
2021-09-12,57.92,61.36
2021-09-13,61.28,61.27
2021-09-14,65.76,61.18
2021-09-15,70.71,61.09
2021-09-16,63.25,61.0
2021-09-17,65.1,60.91
2021-09-18,65.1,60.91
2021-09-19,65.1,60.91
2021-09-20,75.32,60.82
2021-09-21,73.78,60.73
2021-09-22,71.69,60.64
2021-09-23,69.68,60.55
2021-09-24,70.24,60.45
2021-09-25,70.24,60.45
2021-09-26,70.24,60.45
2021-09-27,76.51,60.36
2021-09-28,78.57,60.27
2021-09-29,86.61,60.18
2021-09-30,97.77,60.09
2021-10-01,93.62,60.0
2021-10-02,93.62,60.0
2021-10-03,93.62,60.0
2021-10-04,96.65,60.0
2021-10-05,116.02,60.0
2021-10-06,108.19,60.0
2021-10-07,96.58,60.0
2021-10-08,87.61,60.0
2021-10-09,87.61,60.0
2021-10-10,87.61,60.0
2021-10-11,85.22,60.0
2021-10-12,85.7,60.0
2021-10-13,93.62,60.0
2021-10-14,102.17,60.0
2021-10-15,93.65,60.0
2021-10-16,93.65,60.0
2021-10-17,93.65,60.0
2021-10-18,93.93,58.54
2021-10-19,89.93,54.52
2021-10-20,93.45,57.76
2021-10-21,88.46,57.96
2021-10-22,87.34,58.25
2021-10-23,87.34,58.25
2021-10-24,87.34,58.25
2021-10-25,88.64,58.96
2021-10-26,88.49,59.78
2021-10-27,86.82,59.88
2021-10-28,77.03,58.55
2021-10-29,64.86,58.7
2021-10-30,64.86,58.7
2021-10-31,64.86,58.7
2021-11-01,65.62,56.92
2021-11-02,67.61,59.43
2021-11-03,76.54,59.8
2021-11-04,73.38,60.29
2021-11-05,74.03,59.55
2021-11-06,74.03,59.55
2021-11-07,74.03,59.55
2021-11-08,79.07,60.69
2021-11-09,72.59,60.54
2021-11-10,70.12,63.29
2021-11-11,74.79,64.01
2021-11-12,75.68,63.53
2021-11-13,75.68,63.53
2021-11-14,75.68,63.53
2021-11-15,79.95,66.57
2021-11-16,94.19,67.71
2021-11-17,95.0,67.58
2021-11-18,95.17,69.02
2021-11-19,87.12,69.54
2021-11-20,87.12,69.54
2021-11-21,87.12,69.54
2021-11-22,84.02,70.09
2021-11-23,90.93,69.29
2021-11-24,93.98,73.06
2021-11-25,93.98,74.75
2021-11-26,87.77,73.33
2021-11-27,87.77,73.33
2021-11-28,87.77,73.33
2021-11-29,93.15,74.37
2021-11-30,92.51,75.47
2021-12-01,95.68,77.11
2021-12-02,94.83,79.79
2021-12-03,89.48,78.51
2021-12-04,89.48,78.51
2021-12-05,89.48,78.51
2021-12-06,89.93,81.36
2021-12-07,95.88,85.14
2021-12-08,101.5,90.12
2021-12-09,100.44,80.65
2021-12-10,105.78,83.46
2021-12-11,105.78,83.46
2021-12-12,105.78,83.46
2021-12-13,116.08,82.33
2021-12-14,128.3,79.84
2021-12-15,132.28,80.57
2021-12-16,142.76,84.78
2021-12-17,136.91,73.54
2021-12-18,136.91,73.54
2021-12-19,136.91,73.54
2021-12-20,146.93,80.11
2021-12-21,180.27,80.0
2021-12-22,172.88,76.89
2021-12-23,132.58,74.21
2021-12-24,132.58,74.47
2021-12-25,132.58,74.47
2021-12-26,132.58,74.47
2021-12-27,106.89,74.47
2021-12-28,106.59,74.47
2021-12-29,96.48,79.92
2021-12-30,87.03,79.8
2021-12-31,70.34,79.57
2022-01-01,70.34,79.57
2022-01-02,70.34,79.57
2022-01-03,80.43,79.57
2022-01-04,88.74,84.8
2022-01-05,91.52,87.52
2022-01-06,96.5,86.82
2022-01-07,88.17,85.3
2022-01-08,88.17,85.3
2022-01-09,88.17,85.3
2022-01-10,84.61,80.42
2022-01-11,78.74,81.73
2022-01-12,75.15,80.02
2022-01-13,85.46,80.88
2022-01-14,86.97,82.25
2022-01-15,86.97,82.25
2022-01-16,86.97,82.25
2022-01-17,86.97,80.22
2022-01-18,78.33,82.23
2022-01-19,75.6,81.61
2022-01-20,75.2,85.2
2022-01-21,78.98,84.4
2022-01-22,78.98,84.4
2022-01-23,78.98,84.4
2022-01-24,93.0,83.59
2022-01-25,93.58,87.22
2022-01-26,91.84,88.79
2022-01-27,92.3,89.85
2022-01-28,92.06,89.47
2022-01-29,92.06,89.47
2022-01-30,92.06,89.47
2022-01-31,84.67,88.88
2022-02-01,76.17,88.86
2022-02-02,77.35,93.14
2022-02-03,80.22,94.63
2022-02-04,82.65,95.33
2022-02-05,82.65,95.33
2022-02-06,82.65,95.33
2022-02-07,79.6,95.43
2022-02-08,77.3,95.24
2022-02-09,74.42,91.41
2022-02-10,74.35,90.78
2022-02-11,77.43,92.32
2022-02-12,77.43,92.32
2022-02-13,77.43,92.32
2022-02-14,80.77,90.81
2022-02-15,70.92,89.68
2022-02-16,69.79,89.07
2022-02-17,74.91,85.75
2022-02-18,73.76,88.67
2022-02-19,73.76,88.67
2022-02-20,73.76,88.67
2022-02-21,73.76,89.01
2022-02-22,79.79,89.0
2022-02-23,88.89,94.43
2022-02-24,134.32,86.51
2022-02-25,94.42,87.15
2022-02-26,94.42,87.15
2022-02-27,94.42,87.15
2022-02-28,98.6,81.14
2022-03-01,121.67,69.4
2022-03-02,165.54,67.37
2022-03-03,160.82,66.34
2022-03-04,192.55,64.67
2022-03-05,192.55,64.67
2022-03-06,192.55,64.67
2022-03-07,227.2,57.72
2022-03-08,214.55,67.75
2022-03-09,155.88,72.26
2022-03-10,126.4,74.88
2022-03-11,131.23,75.92
2022-03-12,131.23,75.92
2022-03-13,131.23,75.92
2022-03-14,114.52,77.77
2022-03-15,115.44,76.41
2022-03-16,102.62,77.64
2022-03-17,105.09,79.25
2022-03-18,105.04,78.08
2022-03-19,105.04,78.08
2022-03-20,105.04,78.08
2022-03-21,96.3,78.03
2022-03-22,98.75,79.98
2022-03-23,117.0,76.36
2022-03-24,111.61,78.16
2022-03-25,101.27,78.01
2022-03-26,101.27,78.01
2022-03-27,101.27,78.01
2022-03-28,102.54,80.12
2022-03-29,108.38,80.93
2022-03-30,118.97,77.72
2022-03-31,125.91,76.0
2022-04-01,112.15,77.6
2022-04-02,112.15,77.6
2022-04-03,112.15,77.6
2022-04-04,109.52,78.0
2022-04-05,108.56,77.89
2022-04-06,106.79,76.68
2022-04-07,104.56,79.43
2022-04-08,103.88,79.56
2022-04-09,103.88,79.56
2022-04-10,103.88,79.56
2022-04-11,100.14,77.27
2022-04-12,102.22,78.56
2022-04-13,105.32,76.93
2022-04-14,95.62,79.26
2022-04-15,95.62,79.26
2022-04-16,95.62,79.26
2022-04-17,95.62,79.26
2022-04-18,95.62,79.26
2022-04-19,93.77,79.55
2022-04-20,94.23,86.29
2022-04-21,100.06,85.94
2022-04-22,94.88,88.21
2022-04-23,94.88,88.21
2022-04-24,94.88,88.21
2022-04-25,92.84,82.58
2022-04-26,103.21,81.5
2022-04-27,107.43,80.21
2022-04-28,100.14,82.04
2022-04-29,99.45,82.94
2022-04-30,99.45,82.94
2022-05-01,99.45,82.94
2022-05-02,97.05,82.94
2022-05-03,99.43,87.39
2022-05-04,103.82,87.04
2022-05-05,106.51,87.96
2022-05-06,101.71,90.72
2022-05-07,101.71,90.72
2022-05-08,101.71,90.72
2022-05-09,93.79,86.13
2022-05-10,98.8,86.5
2022-05-11,94.01,87.74
2022-05-12,106.7,87.25
2022-05-13,96.88,87.38
2022-05-14,96.88,87.38
2022-05-15,96.88,87.38
2022-05-16,92.86,88.64
2022-05-17,94.18,90.74
2022-05-18,94.54,83.83
2022-05-19,91.02,82.02
2022-05-20,87.9,79.65
2022-05-21,87.9,79.65
2022-05-22,87.9,79.65
2022-05-23,83.29,77.18
2022-05-24,84.51,80.42
2022-05-25,88.08,80.68
2022-05-26,85.97,84.38
2022-05-27,86.88,83.36
2022-05-28,86.88,83.36
2022-05-29,86.88,83.36
2022-05-30,86.88,82.78
2022-05-31,94.0,83.36
2022-06-01,85.55,85.46
2022-06-02,83.94,85.46
2022-06-03,83.1,85.46
2022-06-04,83.1,85.46
2022-06-05,83.1,85.46
2022-06-06,82.56,80.79
2022-06-07,79.61,80.18
2022-06-08,79.41,79.4
2022-06-09,84.88,80.29
2022-06-10,82.46,81.31
2022-06-11,82.46,81.31
2022-06-12,82.46,81.31
2022-06-13,83.4,80.75
2022-06-14,97.04,83.26
2022-06-15,120.33,85.75
2022-06-16,124.36,82.26
2022-06-17,117.74,81.54
2022-06-18,117.74,81.54
2022-06-19,117.74,81.54
2022-06-20,117.74,83.06
2022-06-21,125.56,83.56
2022-06-22,127.17,80.82
2022-06-23,133.35,82.89
2022-06-24,128.51,82.67
2022-06-25,128.51,82.67
2022-06-26,128.51,82.67
2022-06-27,129.46,83.69
2022-06-28,129.18,86.54
2022-06-29,139.59,87.29
2022-06-30,144.51,88.82
2022-07-01,147.78,84.71
2022-07-02,147.78,84.71
2022-07-03,147.78,84.71
2022-07-04,147.78,83.71
2022-07-05,165.07,82.38
2022-07-06,171.0,82.72
2022-07-07,183.18,84.15
2022-07-08,175.21,82.12
2022-07-09,175.21,82.12
2022-07-10,175.21,82.12
2022-07-11,164.52,83.53
2022-07-12,172.61,84.75
2022-07-13,180.51,83.11
2022-07-14,175.03,83.21
2022-07-15,159.57,84.64
2022-07-16,159.57,84.64
2022-07-17,159.57,84.64
2022-07-18,157.26,83.99
2022-07-19,154.46,82.57
2022-07-20,155.04,78.38
2022-07-21,155.6,77.2
2022-07-22,159.86,75.9
2022-07-23,159.86,75.9
2022-07-24,159.86,75.9
2022-07-25,176.62,75.54
2022-07-26,199.92,76.02
2022-07-27,205.23,75.29
2022-07-28,198.93,77.93
2022-07-29,190.91,77.33
2022-07-30,190.91,77.33
2022-07-31,190.91,77.33
2022-08-01,200.79,79.62
2022-08-02,205.17,81.03
2022-08-03,199.2,83.07
2022-08-04,199.25,83.33
2022-08-05,196.32,84.01
2022-08-06,196.32,84.01
2022-08-07,196.32,84.01
2022-08-08,193.05,83.32
2022-08-09,192.18,84.76
2022-08-10,205.37,85.0
2022-08-11,208.11,86.14
2022-08-12,206.11,83.5
2022-08-13,206.11,83.5
2022-08-14,206.11,83.5
2022-08-15,220.11,89.74
2022-08-16,225.91,91.24
2022-08-17,225.84,95.04
2022-08-18,241.0,95.63
2022-08-19,244.55,96.42
2022-08-20,244.55,96.42
2022-08-21,244.55,96.42
2022-08-22,276.75,90.86
2022-08-23,269.05,88.29
2022-08-24,292.15,88.11
2022-08-25,321.41,87.68
2022-08-26,339.2,89.06
2022-08-27,339.2,89.06
2022-08-28,339.2,89.06
2022-08-29,272.6,89.06
2022-08-30,252.94,79.6
2022-08-31,239.91,79.22
2022-09-01,243.0,79.65
2022-09-02,214.66,76.88
2022-09-03,214.66,76.88
2022-09-04,214.66,76.88
2022-09-05,214.66,73.19
2022-09-06,239.84,68.75
2022-09-07,213.88,68.9
2022-09-08,220.54,66.5
2022-09-09,207.09,65.35
2022-09-10,207.09,65.35
2022-09-11,207.09,65.35
2022-09-12,190.59,71.17
2022-09-13,198.61,69.14
2022-09-14,217.88,70.9
2022-09-15,214.28,71.1
2022-09-16,187.79,71.89
2022-09-17,187.79,71.89
2022-09-18,187.79,71.89
2022-09-19,182.26,71.89
2022-09-20,194.26,70.18
2022-09-21,189.78,68.91
2022-09-22,187.47,69.18
2022-09-23,185.49,65.07
2022-09-24,185.49,65.07
2022-09-25,185.49,65.07
2022-09-26,173.83,69.16
2022-09-27,186.1,67.14
2022-09-28,207.19,64.42
2022-09-29,187.66,65.21
2022-09-30,188.8,65.72
2022-10-01,188.8,65.72
2022-10-02,188.8,65.72
2022-10-03,169.91,65.07
2022-10-04,161.95,66.61
2022-10-05,173.69,66.14
2022-10-06,175.71,68.22
2022-10-07,156.21,69.0
2022-10-08,156.21,69.0
2022-10-09,156.21,69.0
2022-10-10,154.12,65.97
2022-10-11,156.78,65.39
2022-10-12,160.19,65.72
2022-10-13,153.81,67.93
2022-10-14,142.0,67.17
2022-10-15,142.0,67.17
2022-10-16,142.0,67.17
2022-10-17,127.98,66.47
2022-10-18,113.22,66.88
2022-10-19,112.51,66.62
2022-10-20,127.15,65.99
2022-10-21,113.58,68.22
2022-10-22,113.58,68.22
2022-10-23,113.58,68.22
2022-10-24,99.17,71.4
2022-10-25,99.79,76.0
2022-10-26,104.32,74.44
2022-10-27,107.38,79.01
2022-10-28,112.24,80.45
2022-10-29,112.24,80.45
2022-10-30,112.24,80.45
2022-10-31,123.35,78.76
2022-11-01,116.19,75.76
2022-11-02,125.86,75.86
2022-11-03,125.44,75.71
2022-11-04,114.79,75.54
2022-11-05,114.79,75.54
2022-11-06,114.79,75.54
2022-11-07,109.68,77.0
2022-11-08,118.15,75.24
2022-11-09,113.14,72.04
2022-11-10,113.45,72.31
2022-11-11,97.85,74.68
2022-11-12,97.85,74.68
2022-11-13,97.85,74.68
2022-11-14,113.7,74.18
2022-11-15,124.1,75.84
2022-11-16,113.9,72.54
2022-11-17,112.56,71.4
2022-11-18,115.51,71.25
2022-11-19,115.51,71.25
2022-11-20,115.51,71.25
2022-11-21,116.13,73.65
2022-11-22,119.64,73.04
2022-11-23,129.62,75.1
2022-11-24,129.62,77.63
2022-11-25,124.37,77.9
2022-11-26,124.37,77.9
2022-11-27,124.37,77.9
2022-11-28,123.28,77.79
2022-11-29,132.29,80.33
2022-11-30,146.4,84.05
2022-12-01,139.26,84.04
2022-12-02,135.56,86.79
2022-12-03,135.56,86.79
2022-12-04,135.56,86.79
2022-12-05,134.7,86.7
2022-12-06,138.49,86.77
2022-12-07,149.24,87.4
2022-12-08,138.89,87.71
2022-12-09,139.11,86.49
2022-12-10,139.11,86.49
2022-12-11,139.11,86.49
2022-12-12,136.59,89.03
2022-12-13,137.53,87.89
2022-12-14,131.51,85.68
2022-12-15,134.77,84.4
2022-12-16,115.45,82.48
2022-12-17,115.45,82.48
2022-12-18,115.45,82.48
2022-12-19,108.54,83.2
2022-12-20,105.69,85.6
2022-12-21,97.75,83.76
2022-12-22,91.94,85.29
2022-12-23,82.98,85.54
2022-12-24,82.98,85.54
2022-12-25,82.98,85.54
2022-12-26,82.98,85.54
2022-12-27,80.04,85.54
2022-12-28,81.35,82.15
2022-12-29,83.83,80.57
2022-12-30,76.32,80.94
2022-12-31,76.32,80.94
2023-01-01,76.32,80.94
2023-01-02,76.32,80.94
2023-01-03,72.31,79.5
2023-01-04,65.02,73.9
2023-01-05,72.42,75.25
2023-01-06,69.53,73.89
2023-01-07,69.53,73.89
2023-01-08,69.53,73.89
2023-01-09,74.3,78.38
2023-01-10,70.07,77.5
2023-01-11,65.35,75.35
2023-01-12,66.81,76.57
2023-01-13,64.81,76.1
2023-01-14,64.81,76.1
2023-01-15,64.81,76.1
2023-01-16,64.81,74.29
2023-01-17,60.06,76.06
2023-01-18,61.71,79.78
2023-01-19,60.72,80.66
2023-01-20,66.9,81.5
2023-01-21,66.9,81.5
2023-01-22,66.9,81.5
2023-01-23,66.0,81.5
2023-01-24,58.27,79.06
2023-01-25,56.66,81.3
2023-01-26,54.81,85.4
2023-01-27,55.42,85.5
2023-01-28,55.42,85.5
2023-01-29,55.42,85.5
2023-01-30,55.16,86.11
2023-01-31,57.35,89.39
2023-02-01,59.53,91.36
2023-02-02,57.04,89.25
2023-02-03,57.89,89.74
2023-02-04,57.89,89.74
2023-02-05,57.89,89.74
2023-02-06,58.11,87.05
2023-02-07,55.4,86.72
2023-02-08,53.69,86.34
2023-02-09,52.73,87.21
2023-02-10,53.95,89.12
2023-02-11,53.95,89.12
2023-02-12,53.95,89.12
2023-02-13,51.71,88.33
2023-02-14,52.39,88.01
2023-02-15,54.72,90.74
2023-02-16,52.01,93.54
2023-02-17,49.05,92.27
2023-02-18,49.05,92.27
2023-02-19,49.05,92.27
2023-02-20,49.05,94.35
2023-02-21,48.54,96.25
2023-02-22,50.57,92.38
2023-02-23,50.78,92.67
2023-02-24,51.01,93.17
2023-02-25,51.01,93.17
2023-02-26,51.01,93.17
2023-02-27,47.3,95.95
2023-02-28,46.67,95.04
2023-03-01,47.08,92.42
2023-03-02,46.81,88.79
2023-03-03,44.98,88.03
2023-03-04,44.98,88.03
2023-03-05,44.98,88.03
2023-03-06,42.15,89.01
2023-03-07,43.37,91.49
2023-03-08,42.34,93.55
2023-03-09,43.6,94.75
2023-03-10,52.86,95.81
2023-03-11,52.86,95.81
2023-03-12,52.86,95.81
2023-03-13,49.58,93.62
2023-03-14,44.19,88.84
2023-03-15,42.9,85.44
2023-03-16,44.34,84.2
2023-03-17,42.86,83.75
2023-03-18,42.86,83.75
2023-03-19,42.86,83.75
2023-03-20,39.33,84.08
2023-03-21,42.4,86.56
2023-03-22,39.97,85.83
2023-03-23,43.19,89.11
2023-03-24,41.09,84.45
2023-03-25,41.09,84.45
2023-03-26,41.09,84.45
2023-03-27,42.53,84.1
2023-03-28,42.75,85.83
2023-03-29,42.8,86.55
2023-03-30,43.61,87.21
2023-03-31,47.85,88.38
2023-04-01,47.85,88.38
2023-04-02,47.85,88.38
2023-04-03,51.37,91.99
2023-04-04,46.57,91.4
2023-04-05,44.58,92.85
2023-04-06,43.12,92.84
2023-04-07,43.12,92.84
2023-04-08,43.12,92.84
2023-04-09,43.12,92.84
2023-04-10,43.12,92.84
2023-04-11,43.69,94.32
2023-04-12,42.88,92.31
2023-04-13,42.09,90.77
2023-04-14,41.15,90.22
2023-04-15,41.15,90.22
2023-04-16,41.15,90.22
2023-04-17,41.13,89.35
2023-04-18,42.72,91.85
2023-04-19,40.3,91.03
2023-04-20,40.56,88.32
2023-04-21,40.16,86.36
2023-04-22,40.16,86.36
2023-04-23,40.16,86.36
2023-04-24,39.92,85.3
2023-04-25,39.83,83.36
2023-04-26,38.55,82.44
2023-04-27,39.04,82.81
2023-04-28,38.54,84.25
2023-04-29,38.54,84.25
2023-04-30,38.54,84.25
2023-05-01,38.83,84.25
2023-05-02,37.53,85.18
2023-05-03,36.78,81.92
2023-05-04,35.65,81.52
2023-05-05,36.57,81.9
2023-05-06,36.57,81.9
2023-05-07,36.57,81.9
2023-05-08,36.87,81.9
2023-05-09,35.95,83.49
2023-05-10,34.99,85.97
2023-05-11,34.99,85.28
2023-05-12,32.77,85.36
2023-05-13,32.77,85.36
2023-05-14,32.77,85.36
2023-05-15,32.31,83.79
2023-05-16,31.82,85.64
2023-05-17,31.95,85.2
2023-05-18,29.78,86.86
2023-05-19,30.18,86.32
2023-05-20,30.18,86.32
2023-05-21,30.18,86.32
2023-05-22,29.71,84.7
2023-05-23,29.13,82.27
2023-05-24,27.78,81.86
2023-05-25,25.45,79.99
2023-05-26,24.52,79.32
2023-05-27,24.52,79.32
2023-05-28,24.52,79.32
2023-05-29,24.52,79.32
2023-05-30,24.68,77.58
2023-05-31,26.85,78.3
2023-06-01,23.1,76.28
2023-06-02,23.69,76.25
2023-06-03,23.69,76.25
2023-06-04,23.69,76.25
2023-06-05,28.48,79.65
2023-06-06,24.86,78.76
2023-06-07,26.33,80.75
2023-06-08,26.94,81.12
2023-06-09,32.05,83.77
2023-06-10,32.05,83.77
2023-06-11,32.05,83.77
2023-06-12,31.04,84.3
2023-06-13,36.05,87.11
2023-06-14,38.31,89.71
2023-06-15,41.15,90.2
2023-06-16,35.01,88.9
2023-06-17,35.01,88.9
2023-06-18,35.01,88.9
2023-06-19,35.01,88.89
2023-06-20,38.71,91.5
2023-06-21,36.74,87.64
2023-06-22,34.1,86.97
2023-06-23,32.51,84.77
2023-06-24,32.51,84.77
2023-06-25,32.51,84.77
2023-06-26,31.98,83.18
2023-06-27,34.51,85.68
2023-06-28,34.12,84.53
2023-06-29,35.18,84.92
2023-06-30,37.1,85.99
2023-07-01,37.1,85.99
2023-07-02,37.1,85.99
2023-07-03,33.93,84.37
2023-07-04,33.93,84.33
2023-07-05,34.37,82.89
2023-07-06,32.35,82.83
2023-07-07,33.48,83.07
2023-07-08,33.48,83.07
2023-07-09,33.48,83.07
2023-07-10,30.23,83.07
2023-07-11,29.06,83.88
2023-07-12,26.64,82.75
2023-07-13,26.61,82.89
2023-07-14,25.96,83.16
2023-07-15,25.96,83.16
2023-07-16,25.96,83.16
2023-07-17,25.1,83.71
2023-07-18,27.07,85.07
2023-07-19,26.96,85.93
2023-07-20,28.02,87.82
2023-07-21,28.16,88.4
2023-07-22,28.16,88.4
2023-07-23,28.16,88.4
2023-07-24,30.56,88.0
2023-07-25,32.65,88.96
2023-07-26,29.27,87.77
2023-07-27,28.43,87.93
2023-07-28,25.84,85.81
2023-07-29,25.84,85.81
2023-07-30,25.84,85.81
2023-07-31,28.37,83.85
2023-08-01,27.12,81.69
2023-08-02,28.74,80.75
2023-08-03,30.47,81.88
2023-08-04,28.85,80.96
2023-08-05,28.85,80.96
2023-08-06,28.85,80.96
2023-08-07,30.49,80.39
2023-08-08,31.07,81.74
2023-08-09,39.82,81.26
2023-08-10,37.06,82.13
2023-08-11,35.3,84.14
2023-08-12,35.3,84.14
2023-08-13,35.3,84.14
2023-08-14,34.43,85.32
2023-08-15,38.81,84.25
2023-08-16,37.78,85.52
2023-08-17,36.83,86.14
2023-08-18,36.41,85.39
2023-08-19,36.41,85.39
2023-08-20,36.41,85.39
2023-08-21,40.78,85.22
2023-08-22,42.91,87.22
2023-08-23,36.79,85.44
2023-08-24,31.94,82.71
2023-08-25,34.78,82.26
2023-08-26,34.78,82.26
2023-08-27,34.78,82.26
2023-08-28,38.41,82.26
2023-08-29,35.19,82.38
2023-08-30,35.99,83.41
2023-08-31,35.03,83.39
2023-09-01,35.62,82.8
2023-09-02,35.62,82.8
2023-09-03,35.62,82.8
2023-09-04,35.62,81.6
2023-09-05,34.45,81.4
2023-09-06,31.08,81.39
2023-09-07,32.76,80.78
2023-09-08,34.51,79.36
2023-09-09,34.51,79.36
2023-09-10,34.51,79.36
2023-09-11,35.85,79.46
2023-09-12,34.7,78.71
2023-09-13,36.82,80.73
2023-09-14,35.52,80.78
2023-09-15,36.48,79.71
2023-09-16,36.48,79.71
2023-09-17,36.48,79.71
2023-09-18,34.47,78.53
2023-09-19,36.78,79.02
2023-09-20,37.28,80.46
2023-09-21,39.1,82.07
2023-09-22,39.79,83.28
2023-09-23,39.79,83.28
2023-09-24,39.79,83.28
2023-09-25,44.44,82.78
2023-09-26,40.32,80.5
2023-09-27,39.3,80.08
2023-09-28,39.74,80.56
2023-09-29,41.86,79.31
2023-09-30,41.86,79.31
2023-10-01,41.86,79.31
2023-10-02,39.33,78.81
2023-10-03,36.99,77.71
2023-10-04,38.44,79.72
2023-10-05,36.21,78.6
2023-10-06,38.23,78.43
2023-10-07,38.23,78.43
2023-10-08,38.23,78.43
2023-10-09,43.95,79.64
2023-10-10,49.46,82.82
2023-10-11,46.07,81.7
2023-10-12,53.0,83.28
2023-10-13,53.98,83.49
2023-10-14,53.98,83.49
2023-10-15,53.98,83.49
2023-10-16,48.47,82.15
2023-10-17,48.9,80.44
2023-10-18,50.83,79.93
2023-10-19,50.17,79.65
2023-10-20,51.11,79.67
2023-10-21,51.11,79.67
2023-10-22,51.11,79.67
2023-10-23,51.28,78.63
2023-10-24,49.26,78.72
2023-10-25,49.92,78.21
2023-10-26,50.81,77.5
2023-10-27,50.53,77.55
2023-10-28,50.53,77.55
2023-10-29,50.53,77.55
2023-10-30,50.55,76.92
2023-10-31,48.01,77.19
2023-11-01,47.76,76.69
2023-11-02,48.56,77.18
2023-11-03,48.06,75.67
2023-11-04,48.06,75.67
2023-11-05,48.06,75.67
2023-11-06,44.83,74.25
2023-11-07,46.06,73.73
2023-11-08,45.78,73.89
2023-11-09,48.13,75.88
2023-11-10,46.63,76.86
2023-11-11,46.63,76.86
2023-11-12,46.63,76.86
2023-11-13,47.87,75.53
2023-11-14,47.61,76.86
2023-11-15,47.04,78.07
2023-11-16,45.85,75.36
2023-11-17,45.06,74.67
2023-11-18,45.06,74.67
2023-11-19,45.06,74.67
2023-11-20,45.82,75.1
2023-11-21,44.06,74.02
2023-11-22,44.62,73.5
2023-11-23,46.58,75.11
2023-11-24,46.66,75.03
2023-11-25,46.66,75.03
2023-11-26,46.66,75.03
2023-11-27,43.98,71.49
2023-11-28,42.77,71.4
2023-11-29,40.36,69.46
2023-11-30,42.09,69.46
2023-12-01,43.5,71.14
2023-12-02,43.5,71.14
2023-12-03,43.5,71.14
2023-12-04,40.1,69.09
2023-12-05,38.13,67.3
2023-12-06,39.31,67.82
2023-12-07,39.97,68.34
2023-12-08,38.6,67.4
2023-12-09,38.6,67.4
2023-12-10,38.6,67.4
2023-12-11,36.12,66.15
2023-12-12,34.7,66.85
2023-12-13,35.81,67.56
2023-12-14,34.85,65.33
2023-12-15,33.19,65.76
2023-12-16,33.19,65.76
2023-12-17,33.19,65.76
2023-12-18,35.52,67.8
2023-12-19,32.57,67.82
2023-12-20,33.52,71.21
2023-12-21,34.2,73.54
2023-12-22,34.17,74.57
2023-12-23,34.17,74.57
2023-12-24,34.17,74.57
2023-12-25,34.17,74.57
2023-12-26,34.17,74.57
2023-12-27,35.51,74.99
2023-12-28,33.1,75.75
2023-12-29,32.35,76.6
2023-12-30,32.35,76.6
2023-12-31,32.35,76.6
2024-01-01,32.35,76.6
2024-01-02,30.57,71.89
2024-01-03,32.79,73.32
2024-01-04,33.41,71.36
2024-01-05,34.55,72.14
2024-01-06,34.55,72.14
2024-01-07,34.55,72.14
2024-01-08,31.58,68.2
2024-01-09,30.64,68.25
2024-01-10,30.94,65.96
2024-01-11,30.82,64.25
2024-01-12,31.99,62.1
2024-01-13,31.99,62.1
2024-01-14,31.99,62.1
2024-01-15,31.99,63.44
2024-01-16,29.66,61.92
2024-01-17,27.71,59.83
2024-01-18,27.89,59.93
2024-01-19,28.43,59.95
2024-01-20,28.43,59.95
2024-01-21,28.43,59.95
2024-01-22,27.26,59.34
2024-01-23,27.23,59.58
2024-01-24,28.93,62.12
2024-01-25,27.78,59.76
2024-01-26,28.08,59.98
2024-01-27,28.08,59.98
2024-01-28,28.08,59.98
2024-01-29,28.17,58.53
2024-01-30,29.39,60.46
2024-01-31,30.24,60.89
2024-02-01,28.99,59.01
2024-02-02,29.3,60.13
2024-02-03,29.3,60.13
2024-02-04,29.3,60.13
2024-02-05,28.34,60.87
2024-02-06,28.61,60.36
2024-02-07,28.19,59.19
2024-02-08,27.81,57.53
2024-02-09,27.12,55.65
2024-02-10,27.12,55.65
2024-02-11,27.12,55.65
2024-02-12,25.73,53.85
2024-02-13,25.44,53.33
2024-02-14,24.86,53.58
2024-02-15,24.97,55.19
2024-02-16,24.82,54.1
2024-02-17,24.82,54.1
2024-02-18,24.82,54.1
2024-02-19,24.82,50.65
2024-02-20,24.17,51.4
2024-02-21,23.98,52.1
2024-02-22,23.19,49.92
2024-02-23,22.93,49.67
2024-02-24,22.93,49.67
2024-02-25,22.93,49.67
2024-02-26,24.01,51.04
2024-02-27,24.39,52.99
2024-02-28,25.62,54.98
2024-02-29,24.86,53.08
2024-03-01,25.81,53.65
2024-03-02,25.81,53.65
2024-03-03,25.81,53.65
2024-03-04,26.89,54.19
2024-03-05,27.47,57.13
2024-03-06,26.57,56.53
2024-03-07,25.99,56.37
2024-03-08,26.39,55.49
2024-03-09,26.39,55.49
2024-03-10,26.39,55.49
2024-03-11,24.93,53.29
2024-03-12,24.77,53.72
2024-03-13,24.9,53.07
2024-03-14,26.05,55.31
2024-03-15,27.03,57.0
2024-03-16,27.03,57.0
2024-03-17,27.03,57.0
2024-03-18,28.82,58.15
2024-03-19,28.87,58.12
2024-03-20,27.74,57.65
2024-03-21,26.4,56.37
2024-03-22,27.78,58.5
2024-03-23,27.78,58.5
2024-03-24,27.78,58.5
2024-03-25,28.49,61.92
2024-03-26,27.13,60.5
2024-03-27,27.69,59.32
2024-03-28,27.34,58.99
2024-03-29,27.34,58.99
2024-03-30,27.34,58.99
2024-03-31,27.34,58.99
2024-04-01,27.34,58.99
2024-04-02,26.2,56.28
2024-04-03,25.56,57.62
2024-04-04,26.21,55.77
2024-04-05,26.61,57.78
2024-04-06,26.61,57.78
2024-04-07,26.61,57.78
2024-04-08,27.91,60.51
2024-04-09,27.35,60.9
2024-04-10,27.1,59.92
2024-04-11,29.38,65.22
2024-04-12,30.73,68.21
2024-04-13,30.73,68.21
2024-04-14,30.73,68.21
2024-04-15,31.14,67.47
2024-04-16,33.14,70.68
2024-04-17,31.29,66.89
2024-04-18,32.31,68.43
2024-04-19,30.76,65.24
2024-04-20,30.76,65.24
2024-04-21,30.76,65.24
2024-04-22,29.31,63.25
2024-04-23,28.42,63.15
2024-04-24,29.02,63.71
2024-04-25,29.77,65.25
2024-04-26,28.89,64.06
2024-04-27,28.89,64.06
2024-04-28,28.89,64.06
2024-04-29,27.99,62.81
2024-04-30,29.12,65.72
2024-05-01,28.73,64.54
2024-05-02,30.91,69.51
2024-05-03,30.53,68.39
2024-05-04,30.53,68.39
2024-05-05,30.53,68.39
2024-05-06,31.8,68.39
2024-05-07,31.07,67.64
2024-05-08,30.61,68.65
2024-05-09,30.86,70.21
2024-05-10,30.03,68.23
2024-05-11,30.03,68.23
2024-05-12,30.03,68.23
2024-05-13,29.58,66.82
2024-05-14,29.67,67.19
2024-05-15,29.73,66.46
2024-05-16,30.25,67.08
2024-05-17,30.77,67.22
2024-05-18,30.77,67.22
2024-05-19,30.77,67.22
2024-05-20,31.77,70.86
2024-05-21,33.0,72.79
2024-05-22,34.39,72.92
2024-05-23,35.23,72.6
2024-05-24,34.12,72.26
2024-05-25,34.12,72.26
2024-05-26,34.12,72.26
2024-05-27,34.12,72.26
2024-05-28,33.53,71.57
2024-05-29,33.88,70.83
2024-05-30,35.19,72.12
2024-05-31,34.22,70.69
2024-06-01,34.22,70.69
2024-06-02,34.22,70.69
2024-06-03,36.01,70.93
2024-06-04,33.8,69.69
2024-06-05,33.35,68.87
2024-06-06,33.69,68.71
2024-06-07,33.11,68.58
2024-06-08,33.11,68.58
2024-06-09,33.11,68.58
2024-06-10,34.26,68.08
2024-06-11,34.28,67.44
2024-06-12,35.29,68.02
2024-06-13,35.72,68.11
2024-06-14,35.36,65.74
2024-06-15,35.36,65.74
2024-06-16,35.36,65.74
2024-06-17,34.21,65.34
2024-06-18,34.7,65.39
2024-06-19,34.7,67.22
2024-06-20,34.46,66.24
2024-06-21,33.94,65.27
2024-06-22,33.94,65.27
2024-06-23,33.94,65.27
2024-06-24,34.08,64.51
2024-06-25,34.85,65.07
2024-06-26,33.82,64.56
2024-06-27,34.56,64.06
2024-06-28,34.48,64.57
2024-06-29,34.48,64.57
2024-06-30,34.48,64.57
2024-07-01,33.49,65.18
2024-07-02,33.69,67.75
2024-07-03,32.69,67.68
2024-07-04,32.69,67.35
2024-07-05,33.07,67.15
2024-07-06,33.07,67.15
2024-07-07,33.07,67.15
2024-07-08,32.29,66.07
2024-07-09,31.33,65.64
2024-07-10,30.78,65.56
2024-07-11,31.11,65.61
2024-07-12,31.72,66.65
2024-07-13,31.72,66.65
2024-07-14,31.72,66.65
2024-07-15,31.37,64.86
2024-07-16,32.8,64.8
2024-07-17,31.89,64.1
2024-07-18,32.67,63.79
2024-07-19,32.17,63.61
2024-07-20,32.17,63.61
2024-07-21,32.17,63.61
2024-07-22,31.84,62.1
2024-07-23,31.62,63.01
2024-07-24,32.62,66.14
2024-07-25,31.78,64.22
2024-07-26,32.47,65.22
2024-07-27,32.47,65.22
2024-07-28,32.47,65.22
2024-07-29,33.87,65.95
2024-07-30,34.36,65.7
2024-07-31,35.87,66.67
2024-08-01,36.97,68.38
2024-08-02,36.65,67.65
2024-08-03,36.65,67.65
2024-08-04,36.65,67.65
2024-08-05,35.5,66.18
2024-08-06,36.68,67.31
2024-08-07,38.45,68.4
2024-08-08,40.1,68.3
2024-08-09,40.4,67.46
2024-08-10,40.4,67.46
2024-08-11,40.4,67.46
2024-08-12,39.66,69.85
2024-08-13,39.48,68.83
2024-08-14,38.97,69.0
2024-08-15,39.6,69.11
2024-08-16,39.64,69.76
2024-08-17,39.64,69.76
2024-08-18,39.64,69.76
2024-08-19,39.85,70.28
2024-08-20,37.96,70.39
2024-08-21,37.01,69.82
2024-08-22,36.59,69.01
2024-08-23,36.86,68.83
2024-08-24,36.86,68.83
2024-08-25,36.86,68.83
2024-08-26,37.66,68.83
2024-08-27,38.69,69.06
2024-08-28,38.52,68.35
2024-08-29,38.6,68.65
2024-08-30,39.82,67.51
2024-08-31,39.82,67.51
2024-09-01,39.82,67.51
2024-09-02,39.82,68.11
2024-09-03,37.19,65.9
2024-09-04,35.8,64.86
2024-09-05,36.19,64.14
2024-09-06,36.48,64.18
2024-09-07,36.48,64.18
2024-09-08,36.48,64.18
2024-09-09,37.33,64.22
2024-09-10,35.28,63.52
2024-09-11,36.14,64.04
2024-09-12,35.19,63.19
2024-09-13,35.65,62.53
2024-09-14,35.65,62.53
2024-09-15,35.65,62.53
2024-09-16,34.08,61.76
2024-09-17,35.55,62.54
2024-09-18,35.24,61.62
2024-09-19,33.08,60.74
2024-09-20,34.44,61.47
2024-09-21,34.44,61.47
2024-09-22,34.44,61.47
2024-09-23,36.21,61.83
2024-09-24,35.41,61.8
2024-09-25,37.32,63.15
2024-09-26,37.89,63.0
2024-09-27,38.11,63.98
2024-09-28,38.11,63.98
2024-09-29,38.11,63.98
2024-09-30,39.04,63.26
2024-10-01,39.27,61.83
2024-10-02,38.62,61.06
2024-10-03,39.91,60.49
2024-10-04,40.98,60.14
2024-10-05,40.98,60.14
2024-10-06,40.98,60.14
2024-10-07,40.24,60.04
2024-10-08,38.92,58.6
2024-10-09,38.34,60.61
2024-10-10,40.29,62.85
2024-10-11,39.88,62.49
2024-10-12,39.88,62.49
2024-10-13,39.88,62.49
2024-10-14,40.56,63.7
2024-10-15,39.97,62.76
2024-10-16,39.24,61.48
2024-10-17,39.65,61.35
2024-10-18,39.2,60.46
2024-10-19,39.2,60.46
2024-10-20,39.2,60.46
2024-10-21,40.02,59.86
2024-10-22,40.7,60.71
2024-10-23,41.38,62.72
2024-10-24,42.15,64.7
2024-10-25,43.51,64.8
2024-10-26,43.51,64.8
2024-10-27,43.51,64.8
2024-10-28,42.52,64.31
2024-10-29,42.87,67.18
2024-10-30,40.9,63.76
2024-10-31,40.59,62.58
2024-11-01,39.17,62.06
2024-11-02,39.17,62.06
2024-11-03,39.17,62.06
2024-11-04,40.3,63.22
2024-11-05,40.49,62.29
2024-11-06,40.39,61.92
2024-11-07,41.28,63.78
2024-11-08,42.41,65.86
2024-11-09,42.41,65.86
2024-11-10,42.41,65.86
2024-11-11,43.73,65.8
2024-11-12,44.26,65.35
2024-11-13,43.67,64.34
2024-11-14,46.22,66.23
2024-11-15,46.55,65.69
2024-11-16,46.55,65.69
2024-11-17,46.55,65.69
2024-11-18,46.9,67.35
2024-11-19,45.67,66.58
2024-11-20,46.8,66.62
2024-11-21,48.3,67.83
2024-11-22,47.02,67.14
2024-11-23,47.02,67.14
2024-11-24,47.02,67.14
2024-11-25,47.73,67.9
2024-11-26,47.22,67.26
2024-11-27,46.76,66.36
2024-11-28,46.76,65.95
2024-11-29,47.81,66.54
2024-11-30,47.81,66.54
2024-12-01,47.81,66.54
2024-12-02,48.65,66.82
2024-12-03,48.56,66.56
2024-12-04,47.05,66.04
2024-12-05,46.55,65.38
2024-12-06,46.48,66.55
2024-12-07,46.48,66.55
2024-12-08,46.48,66.55
2024-12-09,44.85,64.47
2024-12-10,45.55,66.36
2024-12-11,44.69,66.92
2024-12-12,42.8,64.36
2024-12-13,41.22,62.9
2024-12-14,41.22,62.9
2024-12-15,41.22,62.9
2024-12-16,40.28,61.49
2024-12-17,42.06,60.77
2024-12-18,41.01,61.22
2024-12-19,43.08,64.02
2024-12-20,44.13,64.12
2024-12-21,44.13,64.12
2024-12-22,44.13,64.12
2024-12-23,45.54,65.5
2024-12-24,45.73,65.62
2024-12-25,45.73,65.62
2024-12-26,45.73,65.62
2024-12-27,47.73,67.52
2024-12-28,47.73,67.52
2024-12-29,47.73,67.52
2024-12-30,47.63,67.65
2024-12-31,48.89,68.61
